Carolina_product_category,Carolina_product_sub_category,Carolina_product_id,Carolina_product_name,Carolina_product_quantity,Carolina_product_price,Carolina_product_url,Carolina_image_url,Carolina_product_desc
Biotechnology,New - Biotechnology,216320,"""miniPCR&amp;reg; Thermal Cycler and blueGel&amp;trade; Combo""",1,$ 1070.75,https://www.carolina.com/biotechnology-thermal-cyclers/minipcr-thermal-cycler-and-bluegel-combo/216320.pr,https://www.carolina.com/images/product/medium/216320.jpg,"""Amplify, digest, electrophorese, visualize, and document using a single package! This combo includes the miniPCR® Thermal Cycler (item #216300) and the blueGel™ Integrated Electrophoresis and Visualization System (item #213900) for 1 low price."""
Biotechnology,New - Biotechnology,216317,"""miniPCR&amp;reg; Starter Classroom Bundle""",1,$ 4600.0,https://www.carolina.com/biotechnology-equipment-packages/minipcr-starter-classroom-bundle/216317.pr,https://www.carolina.com/images/product/medium/216317.jpg,"""Bring biotechnology into your classroom with the miniPCR® Starter Classroom Bundle. This bundle includes 2 miniPCR® mini16X Thermal Cyclers (item #216302), 4 blueGel™ Electrophoresis Systems (item #213900), a Gyro™ Microcentrifuge, and additional micropipetting supplies. Ideal for classes between 16 and 32 students working in 4 to 8 lab groups. Compatible with Carolina® lab kits."""
Biotechnology,New - Biotechnology,216318,"""miniPCR&amp;reg; Biotech Classroom Bundle""",1,$ 7650.0,https://www.carolina.com/biotechnology-equipment-packages/minipcr-biotech-classroom-bundle/216318.pr,https://www.carolina.com/images/product/medium/216318.jpg,"""Bring biotechnology into your classroom with the miniPCR® Biotech Classroom Bundle. This bundle includes 4 miniPCR® mini8X Thermal Cyclers (item #216300), 8 blueGel™ Electrophoresis Systems (item #213900), 2 Gyro™ Microcentrifuges, and additional micropipetting supplies. Ideal for classes between 16 and 64 students working in 4 to 16 lab groups. Compatible with Carolina® lab kits."""
Biotechnology,New - Biotechnology,216319,"""miniPCR&amp;reg; Premium Classroom Bundle""",1,$ 12200.0,https://www.carolina.com/biotechnology-equipment-packages/minipcr-premium-classroom-bundle/216319.pr,https://www.carolina.com/images/product/medium/216319.jpg,"""Bring biotechnology into your classroom with the miniPCR® Premium Classroom Bundle. This bundle includes 8 miniPCR® mini8X Thermal Cyclers (item #216300), 8 blueGel™ Electrophoresis Systems (item #213900), 2 Gyro™ Microcentrifuges, and additional micropipetting supplies. Ideal for classes between 32 and 64 students working in lab groups of 2 to 4 students. Compatible with Carolina® lab kits."""
Biotechnology,New - Biotechnology,214720,"""Carolina&amp;reg; Economy Pipettor, 0.5&amp;#150;10 &amp;#181;L""",1,$ 75.0,https://www.carolina.com/lab-measuring-pipets/carolina-economy-pipettor-0-5-10-ul/214720.pr,https://www.carolina.com/images/product/medium/214720.jpg,"""Durable, accurate, and budget friendly, this pipettor is designed specifically for new learners. It features a decimal point on the volume window for error-free reading, a color-coded plunger for identifying the correct tip, robust adjustment knob feedback, and easier-to-press stops for smaller hands. For volumes of 0.5–10 µL."""
Biotechnology,New - Biotechnology,214721,"""Carolina&amp;reg; Economy Pipettor, 2&amp;#150;20 &amp;#181;L""",1,$ 75.0,https://www.carolina.com/lab-measuring-pipets/carolina-economy-pipettor-2-20-ul/214721.pr,https://www.carolina.com/images/product/medium/214721.jpg,"""Durable, accurate, and budget friendly, this pipettor is designed specifically for new learners. It features a decimal point on the volume window for error-free reading, a color-coded plunger for identifying the correct tip, robust adjustment knob feedback, and easier-to-press stops for smaller hands. For volumes of 2–20 µL."""
Biotechnology,New - Biotechnology,214722,"""Carolina&amp;reg; Economy Pipettor, 5&amp;#150;50 &amp;#181;L""",1,$ 75.0,https://www.carolina.com/lab-measuring-pipets/carolina-economy-pipettor-5-50-ul/214722.pr,https://www.carolina.com/images/product/medium/214722.jpg,"""Durable, accurate, and budget friendly, this pipettor is designed specifically for new learners. It features a decimal point on the volume window for error-free reading, a color-coded plunger for identifying the correct tip, robust adjustment knob feedback, and easier-to-press stops for smaller hands. For volumes of 5–50 µµL."""
Biotechnology,New - Biotechnology,214723,"""Carolina&amp;reg; Economy Pipettor, 10&amp;#150;100 &amp;#181;L""",1,$ 75.0,https://www.carolina.com/lab-measuring-pipets/carolina-economy-pipettor-10-100-ul/214723.pr,https://www.carolina.com/images/product/medium/214723.jpg,"""Durable, accurate, and budget friendly, this pipettor is designed specifically for new learners. It features a color-coded plunger for identifying the correct tip, robust adjustment knob feedback, and easier-to-press stops for smaller hands. For volumes of 10–100 µL."""
Biotechnology,New - Biotechnology,214724,"""Carolina&amp;reg; Economy Pipettor, 20&amp;#150;200 &amp;#181;L""",1,$ 75.0,https://www.carolina.com/lab-measuring-pipets/carolina-economy-pipettor-20-200-ul/214724.pr,https://www.carolina.com/images/product/medium/214724.jpg,"""Durable, accurate, and budget friendly, this pipettor is designed specifically for new learners. It features a color-coded plunger for identifying the correct tip, robust adjustment knob feedback, and easier-to-press stops for smaller hands. For volumes of 20–200 µL."""
Biotechnology,New - Biotechnology,214725,"""Carolina&amp;reg; Economy Pipettor, 100&amp;#150;1,000 &amp;#181;L""",1,$ 75.0,https://www.carolina.com/lab-measuring-pipets/carolina-economy-pipettor-100-1000-ul/214725.pr,https://www.carolina.com/images/product/medium/214725.jpg,"""Durable, accurate, and budget friendly, this pipettor is designed specifically for new learners. It features a color-coded plunger for identifying the correct tip, robust adjustment knob feedback, and easier-to-press stops for smaller hands. For volumes of 100–1,000 µL."""
Biotechnology,New - Biotechnology,214726,"""Carolina&amp;reg; Economy Pipettor, 1,000&amp;#150;5,000 &amp;#181;L (1&amp;#150;5 mL)""",1,$ 75.0,https://www.carolina.com/lab-measuring-pipets/carolina-economy-pipettor-1000-5000-ul-1-5-ml/214726.pr,https://www.carolina.com/images/product/medium/214726.jpg,"""Durable, accurate, and budget friendly, this pipettor is designed specifically for new learners. It features a color-coded plunger for identifying the correct tip, robust adjustment knob feedback, and easier-to-press stops for smaller hands. For volumes of 1,000–5,000 µL (1–5 mL)."""
Biotechnology,New - Biotechnology,214727,"""Carolina&amp;reg; Economy Pipettor, 2,000&amp;#150;10,000 &amp;#181;L (2&amp;#150;10 mL)""",1,$ 75.0,https://www.carolina.com/lab-measuring-pipets/carolina-economy-pipettor-2000-10000-ul-2-10-ml/214727.pr,https://www.carolina.com/images/product/medium/214727.jpg,"""Durable, accurate, and budget friendly, this pipettor is designed specifically for new learners. It features a color-coded plunger for identifying the correct tip, robust adjustment knob feedback, and easier-to-press stops for smaller hands. For volumes of 2,000–10,000 µL (2–10 mL)."""
Biotechnology,New - Biotechnology,216320,"""miniPCR&amp;reg; Thermal Cycler and blueGel&amp;trade; Combo""",1,$ 1070.75,https://www.carolina.com/biotechnology-thermal-cyclers/minipcr-thermal-cycler-and-bluegel-combo/216320.pr,https://www.carolina.com/images/product/medium/216320.jpg,"""Amplify, digest, electrophorese, visualize, and document using a single package! This combo includes the miniPCR® Thermal Cycler (item #216300) and the blueGel™ Integrated Electrophoresis and Visualization System (item #213900) for 1 low price."""
Biotechnology,New - Biotechnology,216317,"""miniPCR&amp;reg; Starter Classroom Bundle""",1,$ 4600.0,https://www.carolina.com/biotechnology-equipment-packages/minipcr-starter-classroom-bundle/216317.pr,https://www.carolina.com/images/product/medium/216317.jpg,"""Bring biotechnology into your classroom with the miniPCR® Starter Classroom Bundle. This bundle includes 2 miniPCR® mini16X Thermal Cyclers (item #216302), 4 blueGel™ Electrophoresis Systems (item #213900), a Gyro™ Microcentrifuge, and additional micropipetting supplies. Ideal for classes between 16 and 32 students working in 4 to 8 lab groups. Compatible with Carolina® lab kits."""
Biotechnology,New - Biotechnology,216318,"""miniPCR&amp;reg; Biotech Classroom Bundle""",1,$ 7650.0,https://www.carolina.com/biotechnology-equipment-packages/minipcr-biotech-classroom-bundle/216318.pr,https://www.carolina.com/images/product/medium/216318.jpg,"""Bring biotechnology into your classroom with the miniPCR® Biotech Classroom Bundle. This bundle includes 4 miniPCR® mini8X Thermal Cyclers (item #216300), 8 blueGel™ Electrophoresis Systems (item #213900), 2 Gyro™ Microcentrifuges, and additional micropipetting supplies. Ideal for classes between 16 and 64 students working in 4 to 16 lab groups. Compatible with Carolina® lab kits."""
Biotechnology,New - Biotechnology,216319,"""miniPCR&amp;reg; Premium Classroom Bundle""",1,$ 12200.0,https://www.carolina.com/biotechnology-equipment-packages/minipcr-premium-classroom-bundle/216319.pr,https://www.carolina.com/images/product/medium/216319.jpg,"""Bring biotechnology into your classroom with the miniPCR® Premium Classroom Bundle. This bundle includes 8 miniPCR® mini8X Thermal Cyclers (item #216300), 8 blueGel™ Electrophoresis Systems (item #213900), 2 Gyro™ Microcentrifuges, and additional micropipetting supplies. Ideal for classes between 32 and 64 students working in lab groups of 2 to 4 students. Compatible with Carolina® lab kits."""
Biotechnology,New - Biotechnology,214720,"""Carolina&amp;reg; Economy Pipettor, 0.5&amp;#150;10 &amp;#181;L""",1,$ 75.0,https://www.carolina.com/lab-measuring-pipets/carolina-economy-pipettor-0-5-10-ul/214720.pr,https://www.carolina.com/images/product/medium/214720.jpg,"""Durable, accurate, and budget friendly, this pipettor is designed specifically for new learners. It features a decimal point on the volume window for error-free reading, a color-coded plunger for identifying the correct tip, robust adjustment knob feedback, and easier-to-press stops for smaller hands. For volumes of 0.5–10 µL."""
Biotechnology,New - Biotechnology,214721,"""Carolina&amp;reg; Economy Pipettor, 2&amp;#150;20 &amp;#181;L""",1,$ 75.0,https://www.carolina.com/lab-measuring-pipets/carolina-economy-pipettor-2-20-ul/214721.pr,https://www.carolina.com/images/product/medium/214721.jpg,"""Durable, accurate, and budget friendly, this pipettor is designed specifically for new learners. It features a decimal point on the volume window for error-free reading, a color-coded plunger for identifying the correct tip, robust adjustment knob feedback, and easier-to-press stops for smaller hands. For volumes of 2–20 µL."""
Biotechnology,New - Biotechnology,214722,"""Carolina&amp;reg; Economy Pipettor, 5&amp;#150;50 &amp;#181;L""",1,$ 75.0,https://www.carolina.com/lab-measuring-pipets/carolina-economy-pipettor-5-50-ul/214722.pr,https://www.carolina.com/images/product/medium/214722.jpg,"""Durable, accurate, and budget friendly, this pipettor is designed specifically for new learners. It features a decimal point on the volume window for error-free reading, a color-coded plunger for identifying the correct tip, robust adjustment knob feedback, and easier-to-press stops for smaller hands. For volumes of 5–50 µµL."""
Biotechnology,New - Biotechnology,214723,"""Carolina&amp;reg; Economy Pipettor, 10&amp;#150;100 &amp;#181;L""",1,$ 75.0,https://www.carolina.com/lab-measuring-pipets/carolina-economy-pipettor-10-100-ul/214723.pr,https://www.carolina.com/images/product/medium/214723.jpg,"""Durable, accurate, and budget friendly, this pipettor is designed specifically for new learners. It features a color-coded plunger for identifying the correct tip, robust adjustment knob feedback, and easier-to-press stops for smaller hands. For volumes of 10–100 µL."""
Biotechnology,New - Biotechnology,214724,"""Carolina&amp;reg; Economy Pipettor, 20&amp;#150;200 &amp;#181;L""",1,$ 75.0,https://www.carolina.com/lab-measuring-pipets/carolina-economy-pipettor-20-200-ul/214724.pr,https://www.carolina.com/images/product/medium/214724.jpg,"""Durable, accurate, and budget friendly, this pipettor is designed specifically for new learners. It features a color-coded plunger for identifying the correct tip, robust adjustment knob feedback, and easier-to-press stops for smaller hands. For volumes of 20–200 µL."""
Biotechnology,New - Biotechnology,214725,"""Carolina&amp;reg; Economy Pipettor, 100&amp;#150;1,000 &amp;#181;L""",1,$ 75.0,https://www.carolina.com/lab-measuring-pipets/carolina-economy-pipettor-100-1000-ul/214725.pr,https://www.carolina.com/images/product/medium/214725.jpg,"""Durable, accurate, and budget friendly, this pipettor is designed specifically for new learners. It features a color-coded plunger for identifying the correct tip, robust adjustment knob feedback, and easier-to-press stops for smaller hands. For volumes of 100–1,000 µL."""
Biotechnology,New - Biotechnology,214726,"""Carolina&amp;reg; Economy Pipettor, 1,000&amp;#150;5,000 &amp;#181;L (1&amp;#150;5 mL)""",1,$ 75.0,https://www.carolina.com/lab-measuring-pipets/carolina-economy-pipettor-1000-5000-ul-1-5-ml/214726.pr,https://www.carolina.com/images/product/medium/214726.jpg,"""Durable, accurate, and budget friendly, this pipettor is designed specifically for new learners. It features a color-coded plunger for identifying the correct tip, robust adjustment knob feedback, and easier-to-press stops for smaller hands. For volumes of 1,000–5,000 µL (1–5 mL)."""
Biotechnology,New - Biotechnology,214727,"""Carolina&amp;reg; Economy Pipettor, 2,000&amp;#150;10,000 &amp;#181;L (2&amp;#150;10 mL)""",1,$ 75.0,https://www.carolina.com/lab-measuring-pipets/carolina-economy-pipettor-2000-10000-ul-2-10-ml/214727.pr,https://www.carolina.com/images/product/medium/214727.jpg,"""Durable, accurate, and budget friendly, this pipettor is designed specifically for new learners. It features a color-coded plunger for identifying the correct tip, robust adjustment knob feedback, and easier-to-press stops for smaller hands. For volumes of 2,000–10,000 µL (2–10 mL)."""
Biotechnology,New - Biotechnology,216320,"""miniPCR&amp;reg; Thermal Cycler and blueGel&amp;trade; Combo""",1,$ 1070.75,https://www.carolina.com/biotechnology-thermal-cyclers/minipcr-thermal-cycler-and-bluegel-combo/216320.pr,https://www.carolina.com/images/product/medium/216320.jpg,"""Amplify, digest, electrophorese, visualize, and document using a single package! This combo includes the miniPCR® Thermal Cycler (item #216300) and the blueGel™ Integrated Electrophoresis and Visualization System (item #213900) for 1 low price."""
Biotechnology,New - Biotechnology,216317,"""miniPCR&amp;reg; Starter Classroom Bundle""",1,$ 4600.0,https://www.carolina.com/biotechnology-equipment-packages/minipcr-starter-classroom-bundle/216317.pr,https://www.carolina.com/images/product/medium/216317.jpg,"""Bring biotechnology into your classroom with the miniPCR® Starter Classroom Bundle. This bundle includes 2 miniPCR® mini16X Thermal Cyclers (item #216302), 4 blueGel™ Electrophoresis Systems (item #213900), a Gyro™ Microcentrifuge, and additional micropipetting supplies. Ideal for classes between 16 and 32 students working in 4 to 8 lab groups. Compatible with Carolina® lab kits."""
Biotechnology,New - Biotechnology,216318,"""miniPCR&amp;reg; Biotech Classroom Bundle""",1,$ 7650.0,https://www.carolina.com/biotechnology-equipment-packages/minipcr-biotech-classroom-bundle/216318.pr,https://www.carolina.com/images/product/medium/216318.jpg,"""Bring biotechnology into your classroom with the miniPCR® Biotech Classroom Bundle. This bundle includes 4 miniPCR® mini8X Thermal Cyclers (item #216300), 8 blueGel™ Electrophoresis Systems (item #213900), 2 Gyro™ Microcentrifuges, and additional micropipetting supplies. Ideal for classes between 16 and 64 students working in 4 to 16 lab groups. Compatible with Carolina® lab kits."""
Biotechnology,New - Biotechnology,216319,"""miniPCR&amp;reg; Premium Classroom Bundle""",1,$ 12200.0,https://www.carolina.com/biotechnology-equipment-packages/minipcr-premium-classroom-bundle/216319.pr,https://www.carolina.com/images/product/medium/216319.jpg,"""Bring biotechnology into your classroom with the miniPCR® Premium Classroom Bundle. This bundle includes 8 miniPCR® mini8X Thermal Cyclers (item #216300), 8 blueGel™ Electrophoresis Systems (item #213900), 2 Gyro™ Microcentrifuges, and additional micropipetting supplies. Ideal for classes between 32 and 64 students working in lab groups of 2 to 4 students. Compatible with Carolina® lab kits."""
Biotechnology,New - Biotechnology,214720,"""Carolina&amp;reg; Economy Pipettor, 0.5&amp;#150;10 &amp;#181;L""",1,$ 75.0,https://www.carolina.com/lab-measuring-pipets/carolina-economy-pipettor-0-5-10-ul/214720.pr,https://www.carolina.com/images/product/medium/214720.jpg,"""Durable, accurate, and budget friendly, this pipettor is designed specifically for new learners. It features a decimal point on the volume window for error-free reading, a color-coded plunger for identifying the correct tip, robust adjustment knob feedback, and easier-to-press stops for smaller hands. For volumes of 0.5–10 µL."""
Biotechnology,New - Biotechnology,214721,"""Carolina&amp;reg; Economy Pipettor, 2&amp;#150;20 &amp;#181;L""",1,$ 75.0,https://www.carolina.com/lab-measuring-pipets/carolina-economy-pipettor-2-20-ul/214721.pr,https://www.carolina.com/images/product/medium/214721.jpg,"""Durable, accurate, and budget friendly, this pipettor is designed specifically for new learners. It features a decimal point on the volume window for error-free reading, a color-coded plunger for identifying the correct tip, robust adjustment knob feedback, and easier-to-press stops for smaller hands. For volumes of 2–20 µL."""
Biotechnology,New - Biotechnology,214722,"""Carolina&amp;reg; Economy Pipettor, 5&amp;#150;50 &amp;#181;L""",1,$ 75.0,https://www.carolina.com/lab-measuring-pipets/carolina-economy-pipettor-5-50-ul/214722.pr,https://www.carolina.com/images/product/medium/214722.jpg,"""Durable, accurate, and budget friendly, this pipettor is designed specifically for new learners. It features a decimal point on the volume window for error-free reading, a color-coded plunger for identifying the correct tip, robust adjustment knob feedback, and easier-to-press stops for smaller hands. For volumes of 5–50 µµL."""
Biotechnology,New - Biotechnology,214723,"""Carolina&amp;reg; Economy Pipettor, 10&amp;#150;100 &amp;#181;L""",1,$ 75.0,https://www.carolina.com/lab-measuring-pipets/carolina-economy-pipettor-10-100-ul/214723.pr,https://www.carolina.com/images/product/medium/214723.jpg,"""Durable, accurate, and budget friendly, this pipettor is designed specifically for new learners. It features a color-coded plunger for identifying the correct tip, robust adjustment knob feedback, and easier-to-press stops for smaller hands. For volumes of 10–100 µL."""
Biotechnology,New - Biotechnology,214724,"""Carolina&amp;reg; Economy Pipettor, 20&amp;#150;200 &amp;#181;L""",1,$ 75.0,https://www.carolina.com/lab-measuring-pipets/carolina-economy-pipettor-20-200-ul/214724.pr,https://www.carolina.com/images/product/medium/214724.jpg,"""Durable, accurate, and budget friendly, this pipettor is designed specifically for new learners. It features a color-coded plunger for identifying the correct tip, robust adjustment knob feedback, and easier-to-press stops for smaller hands. For volumes of 20–200 µL."""
Biotechnology,New - Biotechnology,214725,"""Carolina&amp;reg; Economy Pipettor, 100&amp;#150;1,000 &amp;#181;L""",1,$ 75.0,https://www.carolina.com/lab-measuring-pipets/carolina-economy-pipettor-100-1000-ul/214725.pr,https://www.carolina.com/images/product/medium/214725.jpg,"""Durable, accurate, and budget friendly, this pipettor is designed specifically for new learners. It features a color-coded plunger for identifying the correct tip, robust adjustment knob feedback, and easier-to-press stops for smaller hands. For volumes of 100–1,000 µL."""
Biotechnology,New - Biotechnology,214726,"""Carolina&amp;reg; Economy Pipettor, 1,000&amp;#150;5,000 &amp;#181;L (1&amp;#150;5 mL)""",1,$ 75.0,https://www.carolina.com/lab-measuring-pipets/carolina-economy-pipettor-1000-5000-ul-1-5-ml/214726.pr,https://www.carolina.com/images/product/medium/214726.jpg,"""Durable, accurate, and budget friendly, this pipettor is designed specifically for new learners. It features a color-coded plunger for identifying the correct tip, robust adjustment knob feedback, and easier-to-press stops for smaller hands. For volumes of 1,000–5,000 µL (1–5 mL)."""
Biotechnology,New - Biotechnology,214727,"""Carolina&amp;reg; Economy Pipettor, 2,000&amp;#150;10,000 &amp;#181;L (2&amp;#150;10 mL)""",1,$ 75.0,https://www.carolina.com/lab-measuring-pipets/carolina-economy-pipettor-2000-10000-ul-2-10-ml/214727.pr,https://www.carolina.com/images/product/medium/214727.jpg,"""Durable, accurate, and budget friendly, this pipettor is designed specifically for new learners. It features a color-coded plunger for identifying the correct tip, robust adjustment knob feedback, and easier-to-press stops for smaller hands. For volumes of 2,000–10,000 µL (2–10 mL)."""
Biotechnology,New - Biotechnology,216320,"""miniPCR&amp;reg; Thermal Cycler and blueGel&amp;trade; Combo""",1,$ 1070.75,https://www.carolina.com/biotechnology-thermal-cyclers/minipcr-thermal-cycler-and-bluegel-combo/216320.pr,https://www.carolina.com/images/product/medium/216320.jpg,"""Amplify, digest, electrophorese, visualize, and document using a single package! This combo includes the miniPCR® Thermal Cycler (item #216300) and the blueGel™ Integrated Electrophoresis and Visualization System (item #213900) for 1 low price."""
Biotechnology,New - Biotechnology,216317,"""miniPCR&amp;reg; Starter Classroom Bundle""",1,$ 4600.0,https://www.carolina.com/biotechnology-equipment-packages/minipcr-starter-classroom-bundle/216317.pr,https://www.carolina.com/images/product/medium/216317.jpg,"""Bring biotechnology into your classroom with the miniPCR® Starter Classroom Bundle. This bundle includes 2 miniPCR® mini16X Thermal Cyclers (item #216302), 4 blueGel™ Electrophoresis Systems (item #213900), a Gyro™ Microcentrifuge, and additional micropipetting supplies. Ideal for classes between 16 and 32 students working in 4 to 8 lab groups. Compatible with Carolina® lab kits."""
Biotechnology,New - Biotechnology,216318,"""miniPCR&amp;reg; Biotech Classroom Bundle""",1,$ 7650.0,https://www.carolina.com/biotechnology-equipment-packages/minipcr-biotech-classroom-bundle/216318.pr,https://www.carolina.com/images/product/medium/216318.jpg,"""Bring biotechnology into your classroom with the miniPCR® Biotech Classroom Bundle. This bundle includes 4 miniPCR® mini8X Thermal Cyclers (item #216300), 8 blueGel™ Electrophoresis Systems (item #213900), 2 Gyro™ Microcentrifuges, and additional micropipetting supplies. Ideal for classes between 16 and 64 students working in 4 to 16 lab groups. Compatible with Carolina® lab kits."""
Biotechnology,New - Biotechnology,216319,"""miniPCR&amp;reg; Premium Classroom Bundle""",1,$ 12200.0,https://www.carolina.com/biotechnology-equipment-packages/minipcr-premium-classroom-bundle/216319.pr,https://www.carolina.com/images/product/medium/216319.jpg,"""Bring biotechnology into your classroom with the miniPCR® Premium Classroom Bundle. This bundle includes 8 miniPCR® mini8X Thermal Cyclers (item #216300), 8 blueGel™ Electrophoresis Systems (item #213900), 2 Gyro™ Microcentrifuges, and additional micropipetting supplies. Ideal for classes between 32 and 64 students working in lab groups of 2 to 4 students. Compatible with Carolina® lab kits."""
Biotechnology,New - Biotechnology,214720,"""Carolina&amp;reg; Economy Pipettor, 0.5&amp;#150;10 &amp;#181;L""",1,$ 75.0,https://www.carolina.com/lab-measuring-pipets/carolina-economy-pipettor-0-5-10-ul/214720.pr,https://www.carolina.com/images/product/medium/214720.jpg,"""Durable, accurate, and budget friendly, this pipettor is designed specifically for new learners. It features a decimal point on the volume window for error-free reading, a color-coded plunger for identifying the correct tip, robust adjustment knob feedback, and easier-to-press stops for smaller hands. For volumes of 0.5–10 µL."""
Biotechnology,New - Biotechnology,214721,"""Carolina&amp;reg; Economy Pipettor, 2&amp;#150;20 &amp;#181;L""",1,$ 75.0,https://www.carolina.com/lab-measuring-pipets/carolina-economy-pipettor-2-20-ul/214721.pr,https://www.carolina.com/images/product/medium/214721.jpg,"""Durable, accurate, and budget friendly, this pipettor is designed specifically for new learners. It features a decimal point on the volume window for error-free reading, a color-coded plunger for identifying the correct tip, robust adjustment knob feedback, and easier-to-press stops for smaller hands. For volumes of 2–20 µL."""
Biotechnology,New - Biotechnology,214722,"""Carolina&amp;reg; Economy Pipettor, 5&amp;#150;50 &amp;#181;L""",1,$ 75.0,https://www.carolina.com/lab-measuring-pipets/carolina-economy-pipettor-5-50-ul/214722.pr,https://www.carolina.com/images/product/medium/214722.jpg,"""Durable, accurate, and budget friendly, this pipettor is designed specifically for new learners. It features a decimal point on the volume window for error-free reading, a color-coded plunger for identifying the correct tip, robust adjustment knob feedback, and easier-to-press stops for smaller hands. For volumes of 5–50 µµL."""
Biotechnology,New - Biotechnology,214723,"""Carolina&amp;reg; Economy Pipettor, 10&amp;#150;100 &amp;#181;L""",1,$ 75.0,https://www.carolina.com/lab-measuring-pipets/carolina-economy-pipettor-10-100-ul/214723.pr,https://www.carolina.com/images/product/medium/214723.jpg,"""Durable, accurate, and budget friendly, this pipettor is designed specifically for new learners. It features a color-coded plunger for identifying the correct tip, robust adjustment knob feedback, and easier-to-press stops for smaller hands. For volumes of 10–100 µL."""
Biotechnology,New - Biotechnology,214724,"""Carolina&amp;reg; Economy Pipettor, 20&amp;#150;200 &amp;#181;L""",1,$ 75.0,https://www.carolina.com/lab-measuring-pipets/carolina-economy-pipettor-20-200-ul/214724.pr,https://www.carolina.com/images/product/medium/214724.jpg,"""Durable, accurate, and budget friendly, this pipettor is designed specifically for new learners. It features a color-coded plunger for identifying the correct tip, robust adjustment knob feedback, and easier-to-press stops for smaller hands. For volumes of 20–200 µL."""
Biotechnology,New - Biotechnology,214725,"""Carolina&amp;reg; Economy Pipettor, 100&amp;#150;1,000 &amp;#181;L""",1,$ 75.0,https://www.carolina.com/lab-measuring-pipets/carolina-economy-pipettor-100-1000-ul/214725.pr,https://www.carolina.com/images/product/medium/214725.jpg,"""Durable, accurate, and budget friendly, this pipettor is designed specifically for new learners. It features a color-coded plunger for identifying the correct tip, robust adjustment knob feedback, and easier-to-press stops for smaller hands. For volumes of 100–1,000 µL."""
Biotechnology,New - Biotechnology,214726,"""Carolina&amp;reg; Economy Pipettor, 1,000&amp;#150;5,000 &amp;#181;L (1&amp;#150;5 mL)""",1,$ 75.0,https://www.carolina.com/lab-measuring-pipets/carolina-economy-pipettor-1000-5000-ul-1-5-ml/214726.pr,https://www.carolina.com/images/product/medium/214726.jpg,"""Durable, accurate, and budget friendly, this pipettor is designed specifically for new learners. It features a color-coded plunger for identifying the correct tip, robust adjustment knob feedback, and easier-to-press stops for smaller hands. For volumes of 1,000–5,000 µL (1–5 mL)."""
Biotechnology,New - Biotechnology,214727,"""Carolina&amp;reg; Economy Pipettor, 2,000&amp;#150;10,000 &amp;#181;L (2&amp;#150;10 mL)""",1,$ 75.0,https://www.carolina.com/lab-measuring-pipets/carolina-economy-pipettor-2000-10000-ul-2-10-ml/214727.pr,https://www.carolina.com/images/product/medium/214727.jpg,"""Durable, accurate, and budget friendly, this pipettor is designed specifically for new learners. It features a color-coded plunger for identifying the correct tip, robust adjustment knob feedback, and easier-to-press stops for smaller hands. For volumes of 2,000–10,000 µL (2–10 mL)."""
Biotechnology,New - Biotechnology,216320,"""miniPCR&amp;reg; Thermal Cycler and blueGel&amp;trade; Combo""",1,$ 1070.75,https://www.carolina.com/biotechnology-thermal-cyclers/minipcr-thermal-cycler-and-bluegel-combo/216320.pr,https://www.carolina.com/images/product/medium/216320.jpg,"""Amplify, digest, electrophorese, visualize, and document using a single package! This combo includes the miniPCR® Thermal Cycler (item #216300) and the blueGel™ Integrated Electrophoresis and Visualization System (item #213900) for 1 low price."""
Biotechnology,New - Biotechnology,216317,"""miniPCR&amp;reg; Starter Classroom Bundle""",1,$ 4600.0,https://www.carolina.com/biotechnology-equipment-packages/minipcr-starter-classroom-bundle/216317.pr,https://www.carolina.com/images/product/medium/216317.jpg,"""Bring biotechnology into your classroom with the miniPCR® Starter Classroom Bundle. This bundle includes 2 miniPCR® mini16X Thermal Cyclers (item #216302), 4 blueGel™ Electrophoresis Systems (item #213900), a Gyro™ Microcentrifuge, and additional micropipetting supplies. Ideal for classes between 16 and 32 students working in 4 to 8 lab groups. Compatible with Carolina® lab kits."""
Biotechnology,New - Biotechnology,216318,"""miniPCR&amp;reg; Biotech Classroom Bundle""",1,$ 7650.0,https://www.carolina.com/biotechnology-equipment-packages/minipcr-biotech-classroom-bundle/216318.pr,https://www.carolina.com/images/product/medium/216318.jpg,"""Bring biotechnology into your classroom with the miniPCR® Biotech Classroom Bundle. This bundle includes 4 miniPCR® mini8X Thermal Cyclers (item #216300), 8 blueGel™ Electrophoresis Systems (item #213900), 2 Gyro™ Microcentrifuges, and additional micropipetting supplies. Ideal for classes between 16 and 64 students working in 4 to 16 lab groups. Compatible with Carolina® lab kits."""
Biotechnology,New - Biotechnology,216319,"""miniPCR&amp;reg; Premium Classroom Bundle""",1,$ 12200.0,https://www.carolina.com/biotechnology-equipment-packages/minipcr-premium-classroom-bundle/216319.pr,https://www.carolina.com/images/product/medium/216319.jpg,"""Bring biotechnology into your classroom with the miniPCR® Premium Classroom Bundle. This bundle includes 8 miniPCR® mini8X Thermal Cyclers (item #216300), 8 blueGel™ Electrophoresis Systems (item #213900), 2 Gyro™ Microcentrifuges, and additional micropipetting supplies. Ideal for classes between 32 and 64 students working in lab groups of 2 to 4 students. Compatible with Carolina® lab kits."""
Biotechnology,New - Biotechnology,214720,"""Carolina&amp;reg; Economy Pipettor, 0.5&amp;#150;10 &amp;#181;L""",1,$ 75.0,https://www.carolina.com/lab-measuring-pipets/carolina-economy-pipettor-0-5-10-ul/214720.pr,https://www.carolina.com/images/product/medium/214720.jpg,"""Durable, accurate, and budget friendly, this pipettor is designed specifically for new learners. It features a decimal point on the volume window for error-free reading, a color-coded plunger for identifying the correct tip, robust adjustment knob feedback, and easier-to-press stops for smaller hands. For volumes of 0.5–10 µL."""
Biotechnology,New - Biotechnology,214721,"""Carolina&amp;reg; Economy Pipettor, 2&amp;#150;20 &amp;#181;L""",1,$ 75.0,https://www.carolina.com/lab-measuring-pipets/carolina-economy-pipettor-2-20-ul/214721.pr,https://www.carolina.com/images/product/medium/214721.jpg,"""Durable, accurate, and budget friendly, this pipettor is designed specifically for new learners. It features a decimal point on the volume window for error-free reading, a color-coded plunger for identifying the correct tip, robust adjustment knob feedback, and easier-to-press stops for smaller hands. For volumes of 2–20 µL."""
Biotechnology,New - Biotechnology,214722,"""Carolina&amp;reg; Economy Pipettor, 5&amp;#150;50 &amp;#181;L""",1,$ 75.0,https://www.carolina.com/lab-measuring-pipets/carolina-economy-pipettor-5-50-ul/214722.pr,https://www.carolina.com/images/product/medium/214722.jpg,"""Durable, accurate, and budget friendly, this pipettor is designed specifically for new learners. It features a decimal point on the volume window for error-free reading, a color-coded plunger for identifying the correct tip, robust adjustment knob feedback, and easier-to-press stops for smaller hands. For volumes of 5–50 µµL."""
Biotechnology,New - Biotechnology,214723,"""Carolina&amp;reg; Economy Pipettor, 10&amp;#150;100 &amp;#181;L""",1,$ 75.0,https://www.carolina.com/lab-measuring-pipets/carolina-economy-pipettor-10-100-ul/214723.pr,https://www.carolina.com/images/product/medium/214723.jpg,"""Durable, accurate, and budget friendly, this pipettor is designed specifically for new learners. It features a color-coded plunger for identifying the correct tip, robust adjustment knob feedback, and easier-to-press stops for smaller hands. For volumes of 10–100 µL."""
Biotechnology,New - Biotechnology,214724,"""Carolina&amp;reg; Economy Pipettor, 20&amp;#150;200 &amp;#181;L""",1,$ 75.0,https://www.carolina.com/lab-measuring-pipets/carolina-economy-pipettor-20-200-ul/214724.pr,https://www.carolina.com/images/product/medium/214724.jpg,"""Durable, accurate, and budget friendly, this pipettor is designed specifically for new learners. It features a color-coded plunger for identifying the correct tip, robust adjustment knob feedback, and easier-to-press stops for smaller hands. For volumes of 20–200 µL."""
Biotechnology,New - Biotechnology,214725,"""Carolina&amp;reg; Economy Pipettor, 100&amp;#150;1,000 &amp;#181;L""",1,$ 75.0,https://www.carolina.com/lab-measuring-pipets/carolina-economy-pipettor-100-1000-ul/214725.pr,https://www.carolina.com/images/product/medium/214725.jpg,"""Durable, accurate, and budget friendly, this pipettor is designed specifically for new learners. It features a color-coded plunger for identifying the correct tip, robust adjustment knob feedback, and easier-to-press stops for smaller hands. For volumes of 100–1,000 µL."""
Biotechnology,New - Biotechnology,214726,"""Carolina&amp;reg; Economy Pipettor, 1,000&amp;#150;5,000 &amp;#181;L (1&amp;#150;5 mL)""",1,$ 75.0,https://www.carolina.com/lab-measuring-pipets/carolina-economy-pipettor-1000-5000-ul-1-5-ml/214726.pr,https://www.carolina.com/images/product/medium/214726.jpg,"""Durable, accurate, and budget friendly, this pipettor is designed specifically for new learners. It features a color-coded plunger for identifying the correct tip, robust adjustment knob feedback, and easier-to-press stops for smaller hands. For volumes of 1,000–5,000 µL (1–5 mL)."""
Biotechnology,New - Biotechnology,214727,"""Carolina&amp;reg; Economy Pipettor, 2,000&amp;#150;10,000 &amp;#181;L (2&amp;#150;10 mL)""",1,$ 75.0,https://www.carolina.com/lab-measuring-pipets/carolina-economy-pipettor-2000-10000-ul-2-10-ml/214727.pr,https://www.carolina.com/images/product/medium/214727.jpg,"""Durable, accurate, and budget friendly, this pipettor is designed specifically for new learners. It features a color-coded plunger for identifying the correct tip, robust adjustment knob feedback, and easier-to-press stops for smaller hands. For volumes of 2,000–10,000 µL (2–10 mL)."""
Biotechnology,New - Biotechnology,216320,"""miniPCR&amp;reg; Thermal Cycler and blueGel&amp;trade; Combo""",1,$ 1070.75,https://www.carolina.com/biotechnology-thermal-cyclers/minipcr-thermal-cycler-and-bluegel-combo/216320.pr,https://www.carolina.com/images/product/medium/216320.jpg,"""Amplify, digest, electrophorese, visualize, and document using a single package! This combo includes the miniPCR® Thermal Cycler (item #216300) and the blueGel™ Integrated Electrophoresis and Visualization System (item #213900) for 1 low price."""
Biotechnology,New - Biotechnology,216317,"""miniPCR&amp;reg; Starter Classroom Bundle""",1,$ 4600.0,https://www.carolina.com/biotechnology-equipment-packages/minipcr-starter-classroom-bundle/216317.pr,https://www.carolina.com/images/product/medium/216317.jpg,"""Bring biotechnology into your classroom with the miniPCR® Starter Classroom Bundle. This bundle includes 2 miniPCR® mini16X Thermal Cyclers (item #216302), 4 blueGel™ Electrophoresis Systems (item #213900), a Gyro™ Microcentrifuge, and additional micropipetting supplies. Ideal for classes between 16 and 32 students working in 4 to 8 lab groups. Compatible with Carolina® lab kits."""
Biotechnology,New - Biotechnology,216318,"""miniPCR&amp;reg; Biotech Classroom Bundle""",1,$ 7650.0,https://www.carolina.com/biotechnology-equipment-packages/minipcr-biotech-classroom-bundle/216318.pr,https://www.carolina.com/images/product/medium/216318.jpg,"""Bring biotechnology into your classroom with the miniPCR® Biotech Classroom Bundle. This bundle includes 4 miniPCR® mini8X Thermal Cyclers (item #216300), 8 blueGel™ Electrophoresis Systems (item #213900), 2 Gyro™ Microcentrifuges, and additional micropipetting supplies. Ideal for classes between 16 and 64 students working in 4 to 16 lab groups. Compatible with Carolina® lab kits."""
Biotechnology,New - Biotechnology,216319,"""miniPCR&amp;reg; Premium Classroom Bundle""",1,$ 12200.0,https://www.carolina.com/biotechnology-equipment-packages/minipcr-premium-classroom-bundle/216319.pr,https://www.carolina.com/images/product/medium/216319.jpg,"""Bring biotechnology into your classroom with the miniPCR® Premium Classroom Bundle. This bundle includes 8 miniPCR® mini8X Thermal Cyclers (item #216300), 8 blueGel™ Electrophoresis Systems (item #213900), 2 Gyro™ Microcentrifuges, and additional micropipetting supplies. Ideal for classes between 32 and 64 students working in lab groups of 2 to 4 students. Compatible with Carolina® lab kits."""
Biotechnology,New - Biotechnology,214720,"""Carolina&amp;reg; Economy Pipettor, 0.5&amp;#150;10 &amp;#181;L""",1,$ 75.0,https://www.carolina.com/lab-measuring-pipets/carolina-economy-pipettor-0-5-10-ul/214720.pr,https://www.carolina.com/images/product/medium/214720.jpg,"""Durable, accurate, and budget friendly, this pipettor is designed specifically for new learners. It features a decimal point on the volume window for error-free reading, a color-coded plunger for identifying the correct tip, robust adjustment knob feedback, and easier-to-press stops for smaller hands. For volumes of 0.5–10 µL."""
Biotechnology,New - Biotechnology,214721,"""Carolina&amp;reg; Economy Pipettor, 2&amp;#150;20 &amp;#181;L""",1,$ 75.0,https://www.carolina.com/lab-measuring-pipets/carolina-economy-pipettor-2-20-ul/214721.pr,https://www.carolina.com/images/product/medium/214721.jpg,"""Durable, accurate, and budget friendly, this pipettor is designed specifically for new learners. It features a decimal point on the volume window for error-free reading, a color-coded plunger for identifying the correct tip, robust adjustment knob feedback, and easier-to-press stops for smaller hands. For volumes of 2–20 µL."""
Biotechnology,New - Biotechnology,214722,"""Carolina&amp;reg; Economy Pipettor, 5&amp;#150;50 &amp;#181;L""",1,$ 75.0,https://www.carolina.com/lab-measuring-pipets/carolina-economy-pipettor-5-50-ul/214722.pr,https://www.carolina.com/images/product/medium/214722.jpg,"""Durable, accurate, and budget friendly, this pipettor is designed specifically for new learners. It features a decimal point on the volume window for error-free reading, a color-coded plunger for identifying the correct tip, robust adjustment knob feedback, and easier-to-press stops for smaller hands. For volumes of 5–50 µµL."""
Biotechnology,New - Biotechnology,214723,"""Carolina&amp;reg; Economy Pipettor, 10&amp;#150;100 &amp;#181;L""",1,$ 75.0,https://www.carolina.com/lab-measuring-pipets/carolina-economy-pipettor-10-100-ul/214723.pr,https://www.carolina.com/images/product/medium/214723.jpg,"""Durable, accurate, and budget friendly, this pipettor is designed specifically for new learners. It features a color-coded plunger for identifying the correct tip, robust adjustment knob feedback, and easier-to-press stops for smaller hands. For volumes of 10–100 µL."""
Biotechnology,New - Biotechnology,214724,"""Carolina&amp;reg; Economy Pipettor, 20&amp;#150;200 &amp;#181;L""",1,$ 75.0,https://www.carolina.com/lab-measuring-pipets/carolina-economy-pipettor-20-200-ul/214724.pr,https://www.carolina.com/images/product/medium/214724.jpg,"""Durable, accurate, and budget friendly, this pipettor is designed specifically for new learners. It features a color-coded plunger for identifying the correct tip, robust adjustment knob feedback, and easier-to-press stops for smaller hands. For volumes of 20–200 µL."""
Biotechnology,New - Biotechnology,214725,"""Carolina&amp;reg; Economy Pipettor, 100&amp;#150;1,000 &amp;#181;L""",1,$ 75.0,https://www.carolina.com/lab-measuring-pipets/carolina-economy-pipettor-100-1000-ul/214725.pr,https://www.carolina.com/images/product/medium/214725.jpg,"""Durable, accurate, and budget friendly, this pipettor is designed specifically for new learners. It features a color-coded plunger for identifying the correct tip, robust adjustment knob feedback, and easier-to-press stops for smaller hands. For volumes of 100–1,000 µL."""
Biotechnology,New - Biotechnology,214726,"""Carolina&amp;reg; Economy Pipettor, 1,000&amp;#150;5,000 &amp;#181;L (1&amp;#150;5 mL)""",1,$ 75.0,https://www.carolina.com/lab-measuring-pipets/carolina-economy-pipettor-1000-5000-ul-1-5-ml/214726.pr,https://www.carolina.com/images/product/medium/214726.jpg,"""Durable, accurate, and budget friendly, this pipettor is designed specifically for new learners. It features a color-coded plunger for identifying the correct tip, robust adjustment knob feedback, and easier-to-press stops for smaller hands. For volumes of 1,000–5,000 µL (1–5 mL)."""
Biotechnology,New - Biotechnology,214727,"""Carolina&amp;reg; Economy Pipettor, 2,000&amp;#150;10,000 &amp;#181;L (2&amp;#150;10 mL)""",1,$ 75.0,https://www.carolina.com/lab-measuring-pipets/carolina-economy-pipettor-2000-10000-ul-2-10-ml/214727.pr,https://www.carolina.com/images/product/medium/214727.jpg,"""Durable, accurate, and budget friendly, this pipettor is designed specifically for new learners. It features a color-coded plunger for identifying the correct tip, robust adjustment knob feedback, and easier-to-press stops for smaller hands. For volumes of 2,000–10,000 µL (2–10 mL)."""
Biotechnology,New - Biotechnology,216320,"""miniPCR&amp;reg; Thermal Cycler and blueGel&amp;trade; Combo""",1,$ 1070.75,https://www.carolina.com/biotechnology-thermal-cyclers/minipcr-thermal-cycler-and-bluegel-combo/216320.pr,https://www.carolina.com/images/product/medium/216320.jpg,"""Amplify, digest, electrophorese, visualize, and document using a single package! This combo includes the miniPCR® Thermal Cycler (item #216300) and the blueGel™ Integrated Electrophoresis and Visualization System (item #213900) for 1 low price."""
Biotechnology,New - Biotechnology,216317,"""miniPCR&amp;reg; Starter Classroom Bundle""",1,$ 4600.0,https://www.carolina.com/biotechnology-equipment-packages/minipcr-starter-classroom-bundle/216317.pr,https://www.carolina.com/images/product/medium/216317.jpg,"""Bring biotechnology into your classroom with the miniPCR® Starter Classroom Bundle. This bundle includes 2 miniPCR® mini16X Thermal Cyclers (item #216302), 4 blueGel™ Electrophoresis Systems (item #213900), a Gyro™ Microcentrifuge, and additional micropipetting supplies. Ideal for classes between 16 and 32 students working in 4 to 8 lab groups. Compatible with Carolina® lab kits."""
Biotechnology,New - Biotechnology,216318,"""miniPCR&amp;reg; Biotech Classroom Bundle""",1,$ 7650.0,https://www.carolina.com/biotechnology-equipment-packages/minipcr-biotech-classroom-bundle/216318.pr,https://www.carolina.com/images/product/medium/216318.jpg,"""Bring biotechnology into your classroom with the miniPCR® Biotech Classroom Bundle. This bundle includes 4 miniPCR® mini8X Thermal Cyclers (item #216300), 8 blueGel™ Electrophoresis Systems (item #213900), 2 Gyro™ Microcentrifuges, and additional micropipetting supplies. Ideal for classes between 16 and 64 students working in 4 to 16 lab groups. Compatible with Carolina® lab kits."""
Biotechnology,New - Biotechnology,216319,"""miniPCR&amp;reg; Premium Classroom Bundle""",1,$ 12200.0,https://www.carolina.com/biotechnology-equipment-packages/minipcr-premium-classroom-bundle/216319.pr,https://www.carolina.com/images/product/medium/216319.jpg,"""Bring biotechnology into your classroom with the miniPCR® Premium Classroom Bundle. This bundle includes 8 miniPCR® mini8X Thermal Cyclers (item #216300), 8 blueGel™ Electrophoresis Systems (item #213900), 2 Gyro™ Microcentrifuges, and additional micropipetting supplies. Ideal for classes between 32 and 64 students working in lab groups of 2 to 4 students. Compatible with Carolina® lab kits."""
Biotechnology,New - Biotechnology,214720,"""Carolina&amp;reg; Economy Pipettor, 0.5&amp;#150;10 &amp;#181;L""",1,$ 75.0,https://www.carolina.com/lab-measuring-pipets/carolina-economy-pipettor-0-5-10-ul/214720.pr,https://www.carolina.com/images/product/medium/214720.jpg,"""Durable, accurate, and budget friendly, this pipettor is designed specifically for new learners. It features a decimal point on the volume window for error-free reading, a color-coded plunger for identifying the correct tip, robust adjustment knob feedback, and easier-to-press stops for smaller hands. For volumes of 0.5–10 µL."""
Biotechnology,New - Biotechnology,214721,"""Carolina&amp;reg; Economy Pipettor, 2&amp;#150;20 &amp;#181;L""",1,$ 75.0,https://www.carolina.com/lab-measuring-pipets/carolina-economy-pipettor-2-20-ul/214721.pr,https://www.carolina.com/images/product/medium/214721.jpg,"""Durable, accurate, and budget friendly, this pipettor is designed specifically for new learners. It features a decimal point on the volume window for error-free reading, a color-coded plunger for identifying the correct tip, robust adjustment knob feedback, and easier-to-press stops for smaller hands. For volumes of 2–20 µL."""
Biotechnology,New - Biotechnology,214722,"""Carolina&amp;reg; Economy Pipettor, 5&amp;#150;50 &amp;#181;L""",1,$ 75.0,https://www.carolina.com/lab-measuring-pipets/carolina-economy-pipettor-5-50-ul/214722.pr,https://www.carolina.com/images/product/medium/214722.jpg,"""Durable, accurate, and budget friendly, this pipettor is designed specifically for new learners. It features a decimal point on the volume window for error-free reading, a color-coded plunger for identifying the correct tip, robust adjustment knob feedback, and easier-to-press stops for smaller hands. For volumes of 5–50 µµL."""
Biotechnology,New - Biotechnology,214723,"""Carolina&amp;reg; Economy Pipettor, 10&amp;#150;100 &amp;#181;L""",1,$ 75.0,https://www.carolina.com/lab-measuring-pipets/carolina-economy-pipettor-10-100-ul/214723.pr,https://www.carolina.com/images/product/medium/214723.jpg,"""Durable, accurate, and budget friendly, this pipettor is designed specifically for new learners. It features a color-coded plunger for identifying the correct tip, robust adjustment knob feedback, and easier-to-press stops for smaller hands. For volumes of 10–100 µL."""
Biotechnology,New - Biotechnology,214724,"""Carolina&amp;reg; Economy Pipettor, 20&amp;#150;200 &amp;#181;L""",1,$ 75.0,https://www.carolina.com/lab-measuring-pipets/carolina-economy-pipettor-20-200-ul/214724.pr,https://www.carolina.com/images/product/medium/214724.jpg,"""Durable, accurate, and budget friendly, this pipettor is designed specifically for new learners. It features a color-coded plunger for identifying the correct tip, robust adjustment knob feedback, and easier-to-press stops for smaller hands. For volumes of 20–200 µL."""
Biotechnology,New - Biotechnology,214725,"""Carolina&amp;reg; Economy Pipettor, 100&amp;#150;1,000 &amp;#181;L""",1,$ 75.0,https://www.carolina.com/lab-measuring-pipets/carolina-economy-pipettor-100-1000-ul/214725.pr,https://www.carolina.com/images/product/medium/214725.jpg,"""Durable, accurate, and budget friendly, this pipettor is designed specifically for new learners. It features a color-coded plunger for identifying the correct tip, robust adjustment knob feedback, and easier-to-press stops for smaller hands. For volumes of 100–1,000 µL."""
Biotechnology,New - Biotechnology,214726,"""Carolina&amp;reg; Economy Pipettor, 1,000&amp;#150;5,000 &amp;#181;L (1&amp;#150;5 mL)""",1,$ 75.0,https://www.carolina.com/lab-measuring-pipets/carolina-economy-pipettor-1000-5000-ul-1-5-ml/214726.pr,https://www.carolina.com/images/product/medium/214726.jpg,"""Durable, accurate, and budget friendly, this pipettor is designed specifically for new learners. It features a color-coded plunger for identifying the correct tip, robust adjustment knob feedback, and easier-to-press stops for smaller hands. For volumes of 1,000–5,000 µL (1–5 mL)."""
Biotechnology,New - Biotechnology,214727,"""Carolina&amp;reg; Economy Pipettor, 2,000&amp;#150;10,000 &amp;#181;L (2&amp;#150;10 mL)""",1,$ 75.0,https://www.carolina.com/lab-measuring-pipets/carolina-economy-pipettor-2000-10000-ul-2-10-ml/214727.pr,https://www.carolina.com/images/product/medium/214727.jpg,"""Durable, accurate, and budget friendly, this pipettor is designed specifically for new learners. It features a color-coded plunger for identifying the correct tip, robust adjustment knob feedback, and easier-to-press stops for smaller hands. For volumes of 2,000–10,000 µL (2–10 mL)."""
Biotechnology,New - Biotechnology,216320,"""miniPCR&amp;reg; Thermal Cycler and blueGel&amp;trade; Combo""",1,$ 1070.75,https://www.carolina.com/biotechnology-thermal-cyclers/minipcr-thermal-cycler-and-bluegel-combo/216320.pr,https://www.carolina.com/images/product/medium/216320.jpg,"""Amplify, digest, electrophorese, visualize, and document using a single package! This combo includes the miniPCR® Thermal Cycler (item #216300) and the blueGel™ Integrated Electrophoresis and Visualization System (item #213900) for 1 low price."""
Biotechnology,New - Biotechnology,216317,"""miniPCR&amp;reg; Starter Classroom Bundle""",1,$ 4600.0,https://www.carolina.com/biotechnology-equipment-packages/minipcr-starter-classroom-bundle/216317.pr,https://www.carolina.com/images/product/medium/216317.jpg,"""Bring biotechnology into your classroom with the miniPCR® Starter Classroom Bundle. This bundle includes 2 miniPCR® mini16X Thermal Cyclers (item #216302), 4 blueGel™ Electrophoresis Systems (item #213900), a Gyro™ Microcentrifuge, and additional micropipetting supplies. Ideal for classes between 16 and 32 students working in 4 to 8 lab groups. Compatible with Carolina® lab kits."""
Biotechnology,New - Biotechnology,216318,"""miniPCR&amp;reg; Biotech Classroom Bundle""",1,$ 7650.0,https://www.carolina.com/biotechnology-equipment-packages/minipcr-biotech-classroom-bundle/216318.pr,https://www.carolina.com/images/product/medium/216318.jpg,"""Bring biotechnology into your classroom with the miniPCR® Biotech Classroom Bundle. This bundle includes 4 miniPCR® mini8X Thermal Cyclers (item #216300), 8 blueGel™ Electrophoresis Systems (item #213900), 2 Gyro™ Microcentrifuges, and additional micropipetting supplies. Ideal for classes between 16 and 64 students working in 4 to 16 lab groups. Compatible with Carolina® lab kits."""
Biotechnology,New - Biotechnology,216319,"""miniPCR&amp;reg; Premium Classroom Bundle""",1,$ 12200.0,https://www.carolina.com/biotechnology-equipment-packages/minipcr-premium-classroom-bundle/216319.pr,https://www.carolina.com/images/product/medium/216319.jpg,"""Bring biotechnology into your classroom with the miniPCR® Premium Classroom Bundle. This bundle includes 8 miniPCR® mini8X Thermal Cyclers (item #216300), 8 blueGel™ Electrophoresis Systems (item #213900), 2 Gyro™ Microcentrifuges, and additional micropipetting supplies. Ideal for classes between 32 and 64 students working in lab groups of 2 to 4 students. Compatible with Carolina® lab kits."""
Biotechnology,New - Biotechnology,214720,"""Carolina&amp;reg; Economy Pipettor, 0.5&amp;#150;10 &amp;#181;L""",1,$ 75.0,https://www.carolina.com/lab-measuring-pipets/carolina-economy-pipettor-0-5-10-ul/214720.pr,https://www.carolina.com/images/product/medium/214720.jpg,"""Durable, accurate, and budget friendly, this pipettor is designed specifically for new learners. It features a decimal point on the volume window for error-free reading, a color-coded plunger for identifying the correct tip, robust adjustment knob feedback, and easier-to-press stops for smaller hands. For volumes of 0.5–10 µL."""
Biotechnology,New - Biotechnology,214721,"""Carolina&amp;reg; Economy Pipettor, 2&amp;#150;20 &amp;#181;L""",1,$ 75.0,https://www.carolina.com/lab-measuring-pipets/carolina-economy-pipettor-2-20-ul/214721.pr,https://www.carolina.com/images/product/medium/214721.jpg,"""Durable, accurate, and budget friendly, this pipettor is designed specifically for new learners. It features a decimal point on the volume window for error-free reading, a color-coded plunger for identifying the correct tip, robust adjustment knob feedback, and easier-to-press stops for smaller hands. For volumes of 2–20 µL."""
Biotechnology,New - Biotechnology,214722,"""Carolina&amp;reg; Economy Pipettor, 5&amp;#150;50 &amp;#181;L""",1,$ 75.0,https://www.carolina.com/lab-measuring-pipets/carolina-economy-pipettor-5-50-ul/214722.pr,https://www.carolina.com/images/product/medium/214722.jpg,"""Durable, accurate, and budget friendly, this pipettor is designed specifically for new learners. It features a decimal point on the volume window for error-free reading, a color-coded plunger for identifying the correct tip, robust adjustment knob feedback, and easier-to-press stops for smaller hands. For volumes of 5–50 µµL."""
Biotechnology,New - Biotechnology,214723,"""Carolina&amp;reg; Economy Pipettor, 10&amp;#150;100 &amp;#181;L""",1,$ 75.0,https://www.carolina.com/lab-measuring-pipets/carolina-economy-pipettor-10-100-ul/214723.pr,https://www.carolina.com/images/product/medium/214723.jpg,"""Durable, accurate, and budget friendly, this pipettor is designed specifically for new learners. It features a color-coded plunger for identifying the correct tip, robust adjustment knob feedback, and easier-to-press stops for smaller hands. For volumes of 10–100 µL."""
Biotechnology,New - Biotechnology,214724,"""Carolina&amp;reg; Economy Pipettor, 20&amp;#150;200 &amp;#181;L""",1,$ 75.0,https://www.carolina.com/lab-measuring-pipets/carolina-economy-pipettor-20-200-ul/214724.pr,https://www.carolina.com/images/product/medium/214724.jpg,"""Durable, accurate, and budget friendly, this pipettor is designed specifically for new learners. It features a color-coded plunger for identifying the correct tip, robust adjustment knob feedback, and easier-to-press stops for smaller hands. For volumes of 20–200 µL."""
Biotechnology,New - Biotechnology,214725,"""Carolina&amp;reg; Economy Pipettor, 100&amp;#150;1,000 &amp;#181;L""",1,$ 75.0,https://www.carolina.com/lab-measuring-pipets/carolina-economy-pipettor-100-1000-ul/214725.pr,https://www.carolina.com/images/product/medium/214725.jpg,"""Durable, accurate, and budget friendly, this pipettor is designed specifically for new learners. It features a color-coded plunger for identifying the correct tip, robust adjustment knob feedback, and easier-to-press stops for smaller hands. For volumes of 100–1,000 µL."""
Biotechnology,New - Biotechnology,214726,"""Carolina&amp;reg; Economy Pipettor, 1,000&amp;#150;5,000 &amp;#181;L (1&amp;#150;5 mL)""",1,$ 75.0,https://www.carolina.com/lab-measuring-pipets/carolina-economy-pipettor-1000-5000-ul-1-5-ml/214726.pr,https://www.carolina.com/images/product/medium/214726.jpg,"""Durable, accurate, and budget friendly, this pipettor is designed specifically for new learners. It features a color-coded plunger for identifying the correct tip, robust adjustment knob feedback, and easier-to-press stops for smaller hands. For volumes of 1,000–5,000 µL (1–5 mL)."""
Biotechnology,New - Biotechnology,214727,"""Carolina&amp;reg; Economy Pipettor, 2,000&amp;#150;10,000 &amp;#181;L (2&amp;#150;10 mL)""",1,$ 75.0,https://www.carolina.com/lab-measuring-pipets/carolina-economy-pipettor-2000-10000-ul-2-10-ml/214727.pr,https://www.carolina.com/images/product/medium/214727.jpg,"""Durable, accurate, and budget friendly, this pipettor is designed specifically for new learners. It features a color-coded plunger for identifying the correct tip, robust adjustment knob feedback, and easier-to-press stops for smaller hands. For volumes of 2,000–10,000 µL (2–10 mL)."""
Biotechnology,New - Biotechnology,216320,"""miniPCR&amp;reg; Thermal Cycler and blueGel&amp;trade; Combo""",1,$ 1070.75,https://www.carolina.com/biotechnology-thermal-cyclers/minipcr-thermal-cycler-and-bluegel-combo/216320.pr,https://www.carolina.com/images/product/medium/216320.jpg,"""Amplify, digest, electrophorese, visualize, and document using a single package! This combo includes the miniPCR® Thermal Cycler (item #216300) and the blueGel™ Integrated Electrophoresis and Visualization System (item #213900) for 1 low price."""
Biotechnology,New - Biotechnology,216317,"""miniPCR&amp;reg; Starter Classroom Bundle""",1,$ 4600.0,https://www.carolina.com/biotechnology-equipment-packages/minipcr-starter-classroom-bundle/216317.pr,https://www.carolina.com/images/product/medium/216317.jpg,"""Bring biotechnology into your classroom with the miniPCR® Starter Classroom Bundle. This bundle includes 2 miniPCR® mini16X Thermal Cyclers (item #216302), 4 blueGel™ Electrophoresis Systems (item #213900), a Gyro™ Microcentrifuge, and additional micropipetting supplies. Ideal for classes between 16 and 32 students working in 4 to 8 lab groups. Compatible with Carolina® lab kits."""
Biotechnology,New - Biotechnology,216318,"""miniPCR&amp;reg; Biotech Classroom Bundle""",1,$ 7650.0,https://www.carolina.com/biotechnology-equipment-packages/minipcr-biotech-classroom-bundle/216318.pr,https://www.carolina.com/images/product/medium/216318.jpg,"""Bring biotechnology into your classroom with the miniPCR® Biotech Classroom Bundle. This bundle includes 4 miniPCR® mini8X Thermal Cyclers (item #216300), 8 blueGel™ Electrophoresis Systems (item #213900), 2 Gyro™ Microcentrifuges, and additional micropipetting supplies. Ideal for classes between 16 and 64 students working in 4 to 16 lab groups. Compatible with Carolina® lab kits."""
Biotechnology,New - Biotechnology,216319,"""miniPCR&amp;reg; Premium Classroom Bundle""",1,$ 12200.0,https://www.carolina.com/biotechnology-equipment-packages/minipcr-premium-classroom-bundle/216319.pr,https://www.carolina.com/images/product/medium/216319.jpg,"""Bring biotechnology into your classroom with the miniPCR® Premium Classroom Bundle. This bundle includes 8 miniPCR® mini8X Thermal Cyclers (item #216300), 8 blueGel™ Electrophoresis Systems (item #213900), 2 Gyro™ Microcentrifuges, and additional micropipetting supplies. Ideal for classes between 32 and 64 students working in lab groups of 2 to 4 students. Compatible with Carolina® lab kits."""
Biotechnology,New - Biotechnology,214720,"""Carolina&amp;reg; Economy Pipettor, 0.5&amp;#150;10 &amp;#181;L""",1,$ 75.0,https://www.carolina.com/lab-measuring-pipets/carolina-economy-pipettor-0-5-10-ul/214720.pr,https://www.carolina.com/images/product/medium/214720.jpg,"""Durable, accurate, and budget friendly, this pipettor is designed specifically for new learners. It features a decimal point on the volume window for error-free reading, a color-coded plunger for identifying the correct tip, robust adjustment knob feedback, and easier-to-press stops for smaller hands. For volumes of 0.5–10 µL."""
Biotechnology,New - Biotechnology,214721,"""Carolina&amp;reg; Economy Pipettor, 2&amp;#150;20 &amp;#181;L""",1,$ 75.0,https://www.carolina.com/lab-measuring-pipets/carolina-economy-pipettor-2-20-ul/214721.pr,https://www.carolina.com/images/product/medium/214721.jpg,"""Durable, accurate, and budget friendly, this pipettor is designed specifically for new learners. It features a decimal point on the volume window for error-free reading, a color-coded plunger for identifying the correct tip, robust adjustment knob feedback, and easier-to-press stops for smaller hands. For volumes of 2–20 µL."""
Biotechnology,New - Biotechnology,214722,"""Carolina&amp;reg; Economy Pipettor, 5&amp;#150;50 &amp;#181;L""",1,$ 75.0,https://www.carolina.com/lab-measuring-pipets/carolina-economy-pipettor-5-50-ul/214722.pr,https://www.carolina.com/images/product/medium/214722.jpg,"""Durable, accurate, and budget friendly, this pipettor is designed specifically for new learners. It features a decimal point on the volume window for error-free reading, a color-coded plunger for identifying the correct tip, robust adjustment knob feedback, and easier-to-press stops for smaller hands. For volumes of 5–50 µµL."""
Biotechnology,New - Biotechnology,214723,"""Carolina&amp;reg; Economy Pipettor, 10&amp;#150;100 &amp;#181;L""",1,$ 75.0,https://www.carolina.com/lab-measuring-pipets/carolina-economy-pipettor-10-100-ul/214723.pr,https://www.carolina.com/images/product/medium/214723.jpg,"""Durable, accurate, and budget friendly, this pipettor is designed specifically for new learners. It features a color-coded plunger for identifying the correct tip, robust adjustment knob feedback, and easier-to-press stops for smaller hands. For volumes of 10–100 µL."""
Biotechnology,New - Biotechnology,214724,"""Carolina&amp;reg; Economy Pipettor, 20&amp;#150;200 &amp;#181;L""",1,$ 75.0,https://www.carolina.com/lab-measuring-pipets/carolina-economy-pipettor-20-200-ul/214724.pr,https://www.carolina.com/images/product/medium/214724.jpg,"""Durable, accurate, and budget friendly, this pipettor is designed specifically for new learners. It features a color-coded plunger for identifying the correct tip, robust adjustment knob feedback, and easier-to-press stops for smaller hands. For volumes of 20–200 µL."""
Biotechnology,New - Biotechnology,214725,"""Carolina&amp;reg; Economy Pipettor, 100&amp;#150;1,000 &amp;#181;L""",1,$ 75.0,https://www.carolina.com/lab-measuring-pipets/carolina-economy-pipettor-100-1000-ul/214725.pr,https://www.carolina.com/images/product/medium/214725.jpg,"""Durable, accurate, and budget friendly, this pipettor is designed specifically for new learners. It features a color-coded plunger for identifying the correct tip, robust adjustment knob feedback, and easier-to-press stops for smaller hands. For volumes of 100–1,000 µL."""
Biotechnology,New - Biotechnology,214726,"""Carolina&amp;reg; Economy Pipettor, 1,000&amp;#150;5,000 &amp;#181;L (1&amp;#150;5 mL)""",1,$ 75.0,https://www.carolina.com/lab-measuring-pipets/carolina-economy-pipettor-1000-5000-ul-1-5-ml/214726.pr,https://www.carolina.com/images/product/medium/214726.jpg,"""Durable, accurate, and budget friendly, this pipettor is designed specifically for new learners. It features a color-coded plunger for identifying the correct tip, robust adjustment knob feedback, and easier-to-press stops for smaller hands. For volumes of 1,000–5,000 µL (1–5 mL)."""
Biotechnology,New - Biotechnology,214727,"""Carolina&amp;reg; Economy Pipettor, 2,000&amp;#150;10,000 &amp;#181;L (2&amp;#150;10 mL)""",1,$ 75.0,https://www.carolina.com/lab-measuring-pipets/carolina-economy-pipettor-2000-10000-ul-2-10-ml/214727.pr,https://www.carolina.com/images/product/medium/214727.jpg,"""Durable, accurate, and budget friendly, this pipettor is designed specifically for new learners. It features a color-coded plunger for identifying the correct tip, robust adjustment knob feedback, and easier-to-press stops for smaller hands. For volumes of 2,000–10,000 µL (2–10 mL)."""
Biotechnology,New - Biotechnology,216320,"""miniPCR&amp;reg; Thermal Cycler and blueGel&amp;trade; Combo""",1,$ 1070.75,https://www.carolina.com/biotechnology-thermal-cyclers/minipcr-thermal-cycler-and-bluegel-combo/216320.pr,https://www.carolina.com/images/product/medium/216320.jpg,"""Amplify, digest, electrophorese, visualize, and document using a single package! This combo includes the miniPCR® Thermal Cycler (item #216300) and the blueGel™ Integrated Electrophoresis and Visualization System (item #213900) for 1 low price."""
Biotechnology,New - Biotechnology,216317,"""miniPCR&amp;reg; Starter Classroom Bundle""",1,$ 4600.0,https://www.carolina.com/biotechnology-equipment-packages/minipcr-starter-classroom-bundle/216317.pr,https://www.carolina.com/images/product/medium/216317.jpg,"""Bring biotechnology into your classroom with the miniPCR® Starter Classroom Bundle. This bundle includes 2 miniPCR® mini16X Thermal Cyclers (item #216302), 4 blueGel™ Electrophoresis Systems (item #213900), a Gyro™ Microcentrifuge, and additional micropipetting supplies. Ideal for classes between 16 and 32 students working in 4 to 8 lab groups. Compatible with Carolina® lab kits."""
Biotechnology,New - Biotechnology,216318,"""miniPCR&amp;reg; Biotech Classroom Bundle""",1,$ 7650.0,https://www.carolina.com/biotechnology-equipment-packages/minipcr-biotech-classroom-bundle/216318.pr,https://www.carolina.com/images/product/medium/216318.jpg,"""Bring biotechnology into your classroom with the miniPCR® Biotech Classroom Bundle. This bundle includes 4 miniPCR® mini8X Thermal Cyclers (item #216300), 8 blueGel™ Electrophoresis Systems (item #213900), 2 Gyro™ Microcentrifuges, and additional micropipetting supplies. Ideal for classes between 16 and 64 students working in 4 to 16 lab groups. Compatible with Carolina® lab kits."""
Biotechnology,New - Biotechnology,216319,"""miniPCR&amp;reg; Premium Classroom Bundle""",1,$ 12200.0,https://www.carolina.com/biotechnology-equipment-packages/minipcr-premium-classroom-bundle/216319.pr,https://www.carolina.com/images/product/medium/216319.jpg,"""Bring biotechnology into your classroom with the miniPCR® Premium Classroom Bundle. This bundle includes 8 miniPCR® mini8X Thermal Cyclers (item #216300), 8 blueGel™ Electrophoresis Systems (item #213900), 2 Gyro™ Microcentrifuges, and additional micropipetting supplies. Ideal for classes between 32 and 64 students working in lab groups of 2 to 4 students. Compatible with Carolina® lab kits."""
Biotechnology,New - Biotechnology,214720,"""Carolina&amp;reg; Economy Pipettor, 0.5&amp;#150;10 &amp;#181;L""",1,$ 75.0,https://www.carolina.com/lab-measuring-pipets/carolina-economy-pipettor-0-5-10-ul/214720.pr,https://www.carolina.com/images/product/medium/214720.jpg,"""Durable, accurate, and budget friendly, this pipettor is designed specifically for new learners. It features a decimal point on the volume window for error-free reading, a color-coded plunger for identifying the correct tip, robust adjustment knob feedback, and easier-to-press stops for smaller hands. For volumes of 0.5–10 µL."""
Biotechnology,New - Biotechnology,214721,"""Carolina&amp;reg; Economy Pipettor, 2&amp;#150;20 &amp;#181;L""",1,$ 75.0,https://www.carolina.com/lab-measuring-pipets/carolina-economy-pipettor-2-20-ul/214721.pr,https://www.carolina.com/images/product/medium/214721.jpg,"""Durable, accurate, and budget friendly, this pipettor is designed specifically for new learners. It features a decimal point on the volume window for error-free reading, a color-coded plunger for identifying the correct tip, robust adjustment knob feedback, and easier-to-press stops for smaller hands. For volumes of 2–20 µL."""
Biotechnology,New - Biotechnology,214722,"""Carolina&amp;reg; Economy Pipettor, 5&amp;#150;50 &amp;#181;L""",1,$ 75.0,https://www.carolina.com/lab-measuring-pipets/carolina-economy-pipettor-5-50-ul/214722.pr,https://www.carolina.com/images/product/medium/214722.jpg,"""Durable, accurate, and budget friendly, this pipettor is designed specifically for new learners. It features a decimal point on the volume window for error-free reading, a color-coded plunger for identifying the correct tip, robust adjustment knob feedback, and easier-to-press stops for smaller hands. For volumes of 5–50 µµL."""
Biotechnology,New - Biotechnology,214723,"""Carolina&amp;reg; Economy Pipettor, 10&amp;#150;100 &amp;#181;L""",1,$ 75.0,https://www.carolina.com/lab-measuring-pipets/carolina-economy-pipettor-10-100-ul/214723.pr,https://www.carolina.com/images/product/medium/214723.jpg,"""Durable, accurate, and budget friendly, this pipettor is designed specifically for new learners. It features a color-coded plunger for identifying the correct tip, robust adjustment knob feedback, and easier-to-press stops for smaller hands. For volumes of 10–100 µL."""
Biotechnology,New - Biotechnology,214724,"""Carolina&amp;reg; Economy Pipettor, 20&amp;#150;200 &amp;#181;L""",1,$ 75.0,https://www.carolina.com/lab-measuring-pipets/carolina-economy-pipettor-20-200-ul/214724.pr,https://www.carolina.com/images/product/medium/214724.jpg,"""Durable, accurate, and budget friendly, this pipettor is designed specifically for new learners. It features a color-coded plunger for identifying the correct tip, robust adjustment knob feedback, and easier-to-press stops for smaller hands. For volumes of 20–200 µL."""
Biotechnology,New - Biotechnology,214725,"""Carolina&amp;reg; Economy Pipettor, 100&amp;#150;1,000 &amp;#181;L""",1,$ 75.0,https://www.carolina.com/lab-measuring-pipets/carolina-economy-pipettor-100-1000-ul/214725.pr,https://www.carolina.com/images/product/medium/214725.jpg,"""Durable, accurate, and budget friendly, this pipettor is designed specifically for new learners. It features a color-coded plunger for identifying the correct tip, robust adjustment knob feedback, and easier-to-press stops for smaller hands. For volumes of 100–1,000 µL."""
Biotechnology,New - Biotechnology,214726,"""Carolina&amp;reg; Economy Pipettor, 1,000&amp;#150;5,000 &amp;#181;L (1&amp;#150;5 mL)""",1,$ 75.0,https://www.carolina.com/lab-measuring-pipets/carolina-economy-pipettor-1000-5000-ul-1-5-ml/214726.pr,https://www.carolina.com/images/product/medium/214726.jpg,"""Durable, accurate, and budget friendly, this pipettor is designed specifically for new learners. It features a color-coded plunger for identifying the correct tip, robust adjustment knob feedback, and easier-to-press stops for smaller hands. For volumes of 1,000–5,000 µL (1–5 mL)."""
Biotechnology,New - Biotechnology,214727,"""Carolina&amp;reg; Economy Pipettor, 2,000&amp;#150;10,000 &amp;#181;L (2&amp;#150;10 mL)""",1,$ 75.0,https://www.carolina.com/lab-measuring-pipets/carolina-economy-pipettor-2000-10000-ul-2-10-ml/214727.pr,https://www.carolina.com/images/product/medium/214727.jpg,"""Durable, accurate, and budget friendly, this pipettor is designed specifically for new learners. It features a color-coded plunger for identifying the correct tip, robust adjustment knob feedback, and easier-to-press stops for smaller hands. For volumes of 2,000–10,000 µL (2–10 mL)."""
