Flinn_product_category,Flinn_product_sub_category,Flinn_product_id,Flinn_product_name,Flinn_product_quantity,Flinn_product_price,Flinn_product_url,Flinn_image_url,Flinn_product_desc
Technology,3D Printers,AP9914,Emblaser 2 Laser Cutter and Engraver,1,$3345.26,https://www.flinnsci.com/emblaser-2-laser-cutter-and-engraver/ap9914/,https://www.flinnsci.com/globalassets/flinn-scientific/all-product-images-rgb-jpegs/ap9914_1.jpg?format=webp&height=880&upscale=false,"Emblaser 2 is specifically designed to be a safe, hassle-free laser cutter and engraver that supports your creative process. Camera-assisted alignment aids the transition from digital design to physical reality. Emblaser 2 is a class 1 laser product that cuts, marks and engraves a wide range of materials (due to the wavelength of the laser it will not work with clear acrylic). 500 x 300 mm cutting area. 5 W class 1 laser; material ignition alert and automatic shutoff. LightBurn software and 1-year limited manufacturer warranty with 6-month warranty on laser diode included."
Technology,3D Printers,WAPPLAAL,"PLA Specialty Filament, Aluminum",1,$29.98,https://www.flinnsci.com/pla-specialty-filament-aluminum/wapplaal/,https://www.flinnsci.com/globalassets/flinn-scientific/all-product-images-rgb-jpegs/wap_pla.alum.jpg?format=webp&height=880&upscale=false,Certified for use with the AFINIA H-Series of 3D printers. This high performance filament is designed to maximize output quality.
Technology,3D Printers,WAPPLACPR,"PLA Specialty Filament, Copper",1,$29.98,https://www.flinnsci.com/pla-specialty-filament-copper/wapplacpr/,https://www.flinnsci.com/globalassets/flinn-scientific/all-product-images-rgb-jpegs/wap_pla.copper.jpg?format=webp&height=880&upscale=false,Certified for use with the AFINIA H-Series of 3D printers. This high performance filament is designed to maximize output quality.
Technology,3D Printers,WAPABSNAT,"ABS Premium Filament, White",1,$67.76,https://www.flinnsci.com/abs-premium-filament-white/wapabsnat/,https://www.flinnsci.com/globalassets/flinn-scientific/all-product-images-rgb-jpegs/wap_absnat.jpg?format=webp&height=880&upscale=false,Certified for use with the AFINIA H-Series of 3D printers. This high performance filament is designed to maximize output quality.
Technology,3D Printers,WAPABSYLW,"ABS Premium Filament, Yellow",1,$67.76,https://www.flinnsci.com/abs-premium-filament-yellow/wapabsylw/,https://www.flinnsci.com/globalassets/flinn-scientific/all-product-images-rgb-jpegs/wap_absyellow.jpg?format=webp&height=880&upscale=false,Certified for use with the AFINIA H-Series of 3D printers. This high performance filament is designed to maximize output quality.
Technology,3D Printers,WAPABSGRN,"ABS Premium Filament, Green",1,$67.76,https://www.flinnsci.com/abs-premium-filament-green/wapabsgrn/,https://www.flinnsci.com/globalassets/flinn-scientific/all-product-images-rgb-jpegs/wap_absgreen.jpg?format=webp&height=880&upscale=false,Certified for use with the AFINIA H-Series of 3D printers. This high performance filament is designed to maximize output quality.
Technology,3D Printers,WAPABSRED,"ABS Premium Filament, Red",1,$67.76,https://www.flinnsci.com/abs-premium-filament-red/wapabsred/,https://www.flinnsci.com/globalassets/flinn-scientific/all-product-images-rgb-jpegs/wap_absred.jpg?format=webp&height=880&upscale=false,Certified for use with the AFINIA H-Series of 3D printers. This high performance filament is designed to maximize output quality.
Technology,3D Printers,WAPABSBLA,"ABS Premium Filament, Black",1,$67.76,https://www.flinnsci.com/abs-premium-filament-black/wapabsbla/,https://www.flinnsci.com/globalassets/flinn-scientific/all-product-images-rgb-jpegs/wap_absblack.jpg?format=webp&height=880&upscale=false,Certified for use with the AFINIA H-Series of 3D printers. This high performance filament is designed to maximize output quality.
Technology,3D Printers,WAPABSBLU,"ABS Premium Filament, Blue",1,$67.76,https://www.flinnsci.com/abs-premium-filament-blue/wapabsblu/,https://www.flinnsci.com/globalassets/flinn-scientific/all-product-images-rgb-jpegs/wap_absblue.jpg?format=webp&height=880&upscale=false,Certified for use with the AFINIA H-Series of 3D printers. This high performance filament is designed to maximize output quality.
Technology,3D Printers,WAP-P4,Afinia H+1 3D Printer,1,$2850.00,https://www.flinnsci.com/afinia-h1-3d-printer/wap-p4/,https://www.flinnsci.com/globalassets/flinn-scientific/all-product-images-rgb-jpegs/wap-p4.jpg?format=webp&height=880&upscale=false,"Start 3D printing in no time! Afinia 3D printers are shipped fully assembled, ready to use and with all the materials you'll need, so you can start printing in minutes. A HEPA air filtration system reduces 3D printing air emissions for a safer 3D printing environment. Includes a one-year limited warranty."
Technology,3D Printers,AP9425,3Doodler® DoodlePad,1,$11.22,https://www.flinnsci.com/3doodler-doodlepad/ap9425/,https://www.flinnsci.com/globalassets/flinn-scientific/all-product-images-rgb-jpegs/ap9425.jpg?format=webp&height=880&upscale=false,"With the 3Doodler® DoodlePad, you can doodle over stencils or other items. The DoodlePad also helps you keep your doodles in place and peel them off with ease."
Technology,3D Printers,AP9424,3Doodler® Foot Pedal,1,$21.58,https://www.flinnsci.com/3doodler-foot-pedal/ap9424/,https://www.flinnsci.com/globalassets/flinn-scientific/all-product-images-rgb-jpegs/ap9424.jpg?format=webp&height=880&upscale=false,"3Doodler® Foot Pedal gives you the freedom to doodle from various angles and for longer periods of time without holding down the pen’s extrusion buttons. The pedal connects to the control port on the 3Doodler pen and allows you to use your foot to control extrusion, freeing up your fingers to concentrate on creativity and precision. Press the right pedal for fast extrusion, the left pedal for slow extrusion and both buttons to reverse and remove the filament strand from your 3Doodler pen. Cable length: 4 feet."
