Frey_product_category,Frey_product_sub_category,Frey_product_id,Frey_product_name,Frey_product_quantity,Frey_product_price,Frey_product_url,Frey_image_url,Frey_product_desc
Furniture,Learning Environment Decor,2126609,Inventionland Storybook Forest Mini Starter Kit Level 1,1,"$2,993.96",https://schoolspecialty.com/furniture/learning-environment-decor/inventionland-storybook-forest-mini-starter-kit-level-1-2126609,"https://www.schoolspecialty.com/images/aprimo/2f739630-7834-4bdd-b5a9-b0f100849d4f/2126609_A_JPG%20Output.jpg?width=250&height=250&fit=bounds&canvas=250,250&bg-color=ffffff","Innovation Labs® Starter Kits are an excellent way to remodel existing spaces and new school spaces. These kits contain everything you need to turn a normal classroom, or library, or hallway into an environment that will attract learners and teachers alike. If you're looking for an easy way to innovate your school, we're here to help."
Furniture,Learning Environment Decor,2126614,Inventionland Tiki Tech Bar Deluxe Starter Kit For One Innovation Lab Level 1,1,"$8,786.96",https://schoolspecialty.com/furniture/learning-environment-decor/inventionland-tiki-tech-bar-deluxe-starter-kit-for-one-innovation-lab-level-1-2126614,"https://www.schoolspecialty.com/images/aprimo/c5d29ea0-e6fe-4189-a79a-b0f1001cb3e4/2126614_A_JPG%20Output.jpg?width=250&height=250&fit=bounds&canvas=250,250&bg-color=ffffff","Innovation Labs® Starter Kits are an excellent way to remodel existing spaces and new school spaces. These kits contain everything you need to turn a normal classroom, or library, or hallway into an environment that will attract learners and teachers alike. If you're looking for an easy way to innovate your school, we're here to help."
Furniture,Learning Environment Decor,2126615,Inventionland Short Island Palm Tree,1,"$1,917.71",https://schoolspecialty.com/furniture/learning-environment-decor/inventionland-short-island-palm-tree-2126615,"https://www.schoolspecialty.com/images/aprimo/da4d11db-508a-4604-be65-b0f0017a967d/2126615_A_JPG%20Output.jpg?width=250&height=250&fit=bounds&canvas=250,250&bg-color=ffffff","If you go with the Inventionland Discovery™ Pirate Ship theme, then you will want to have some of these island palms in your space. They come in two different heights and add a special character to your space."
Furniture,Learning Environment Decor,2126616,Inventionland Storybook Forest Mini Starter Kit Level 2,1,"$4,022.21",https://schoolspecialty.com/furniture/learning-environment-decor/inventionland-storybook-forest-mini-starter-kit-level-2-2126616,"https://www.schoolspecialty.com/images/aprimo/ac20943c-1bb3-4b36-85f1-b0f1009d8940/2126616_A_JPG%20Output.jpg?width=250&height=250&fit=bounds&canvas=250,250&bg-color=ffffff","Innovation Labs® Starter Kits are an excellent way to remodel existing spaces and new school spaces. These kits contain everything you need to turn a normal classroom, or library, or hallway into an environment that will attract learners and teachers alike. If you're looking for an easy way to innovate your school, we're here to help."
Furniture,Learning Environment Decor,2126617,Inventionland Storybook Forest Deluxe Starter Kit For One Innovation Lab Level 1,1,"$13,990.46",https://schoolspecialty.com/furniture/learning-environment-decor/inventionland-storybook-forest-deluxe-starter-kit-for-one-innovation-lab-level-1-2126617,"https://www.schoolspecialty.com/images/aprimo/5f9df857-0a19-4753-b9a2-b0f1005240f0/2126617_A_JPG%20Output.jpg?width=250&height=250&fit=bounds&canvas=250,250&bg-color=ffffff","Innovation Labs® Starter Kits are an excellent way to remodel existing spaces and new school spaces. These kits contain everything you need to turn a normal classroom, or library, or hallway into an environment that will attract learners and teachers alike. If you're looking for an easy way to innovate your school, we're here to help."
Furniture,Learning Environment Decor,2126618,Inventionland Tiki Tech Bar Deluxe Starter Kit For One Innovation Lab Level 3,1,"$23,252.21",https://schoolspecialty.com/furniture/learning-environment-decor/inventionland-tiki-tech-bar-deluxe-starter-kit-for-one-innovation-lab-level-3-2126618,"https://www.schoolspecialty.com/images/aprimo/2470975d-9b9f-4f52-88e9-b0f1009fd2a0/2126618_A_JPG%20Output.jpg?width=250&height=250&fit=bounds&canvas=250,250&bg-color=ffffff","Innovation Labs® Starter Kits are an excellent way to remodel existing spaces and new school spaces. These kits contain everything you need to turn a normal classroom, or library, or hallway into an environment that will attract learners and teachers alike. If you're looking for an easy way to innovate your school, we're here to help."
Furniture,Learning Environment Decor,2126619,Inventionland Tiki Tech Bar Mini Starter Kit Level 3,1,"$7,136.21",https://schoolspecialty.com/furniture/learning-environment-decor/inventionland-tiki-tech-bar-mini-starter-kit-level-3-2126619,"https://www.schoolspecialty.com/images/aprimo/41386971-a434-4a5b-83c2-b0f100644af4/2126619_A_JPG%20Output.jpg?width=250&height=250&fit=bounds&canvas=250,250&bg-color=ffffff","Innovation Labs® Starter Kits are an excellent way to remodel existing spaces and new school spaces. These kits contain everything you need to turn a normal classroom, or library, or hallway into an environment that will attract learners and teachers alike. If you're looking for an easy way to innovate your school, we're here to help."
Furniture,Learning Environment Decor,2126620,Inventionland Storybook Forest Mini Starter Kit Level 3,1,"$5,939.96",https://schoolspecialty.com/furniture/learning-environment-decor/inventionland-storybook-forest-mini-starter-kit-level-3-2126620,"https://www.schoolspecialty.com/images/aprimo/9838d833-adc6-4b48-bb7c-b0f0013ae07c/2126620_A_JPG%20Output.jpg?width=250&height=250&fit=bounds&canvas=250,250&bg-color=ffffff","Innovation Labs® Starter Kits are an excellent way to remodel existing spaces and new school spaces. These kits contain everything you need to turn a normal classroom, or library, or hallway into an environment that will attract learners and teachers alike. If you're looking for an easy way to innovate your school, we're here to help."
Furniture,Learning Environment Decor,2126621,Inventionland Robot Tech Bar Mini Starter Kit Level 1,1,"$5,405.96",https://schoolspecialty.com/furniture/learning-environment-decor/inventionland-robot-tech-bar-mini-starter-kit-level-1-2126621,"https://www.schoolspecialty.com/images/aprimo/f8168c81-4336-416c-8898-b0f1001ec3bc/2126621_A_JPG%20Output.jpg?width=250&height=250&fit=bounds&canvas=250,250&bg-color=ffffff","Innovation Labs® Starter Kits are an excellent way to remodel existing spaces and new school spaces. These kits contain everything you need to turn a normal classroom, or library, or hallway into an environment that will attract learners and teachers alike. If you're looking for an easy way to innovate your school, we're here to help."
Furniture,Learning Environment Decor,2126622,Inventionland Tiki Tech Bar Mini Starter Kit Level 1,1,"$3,568.46",https://schoolspecialty.com/furniture/learning-environment-decor/inventionland-tiki-tech-bar-mini-starter-kit-level-1-2126622,"https://www.schoolspecialty.com/images/aprimo/a39ae369-024d-4516-8e25-b0f0015d014b/2126622_A_JPG%20Output.jpg?width=250&height=250&fit=bounds&canvas=250,250&bg-color=ffffff","Innovation Labs® Starter Kits are an excellent way to remodel existing spaces and new school spaces. These kits contain everything you need to turn a normal classroom, or library, or hallway into an environment that will attract learners and teachers alike. If you're looking for an easy way to innovate your school, we're here to help."
Furniture,Learning Environment Decor,2126609,Inventionland Storybook Forest Mini Starter Kit Level 1,1,"$2,993.96",https://schoolspecialty.com/furniture/learning-environment-decor/inventionland-storybook-forest-mini-starter-kit-level-1-2126609,"https://www.schoolspecialty.com/images/aprimo/2f739630-7834-4bdd-b5a9-b0f100849d4f/2126609_A_JPG%20Output.jpg?width=250&height=250&fit=bounds&canvas=250,250&bg-color=ffffff","Innovation Labs® Starter Kits are an excellent way to remodel existing spaces and new school spaces. These kits contain everything you need to turn a normal classroom, or library, or hallway into an environment that will attract learners and teachers alike. If you're looking for an easy way to innovate your school, we're here to help."
Furniture,Learning Environment Decor,2126614,Inventionland Tiki Tech Bar Deluxe Starter Kit For One Innovation Lab Level 1,1,"$8,786.96",https://schoolspecialty.com/furniture/learning-environment-decor/inventionland-tiki-tech-bar-deluxe-starter-kit-for-one-innovation-lab-level-1-2126614,"https://www.schoolspecialty.com/images/aprimo/c5d29ea0-e6fe-4189-a79a-b0f1001cb3e4/2126614_A_JPG%20Output.jpg?width=250&height=250&fit=bounds&canvas=250,250&bg-color=ffffff","Innovation Labs® Starter Kits are an excellent way to remodel existing spaces and new school spaces. These kits contain everything you need to turn a normal classroom, or library, or hallway into an environment that will attract learners and teachers alike. If you're looking for an easy way to innovate your school, we're here to help."
Furniture,Learning Environment Decor,2126615,Inventionland Short Island Palm Tree,1,"$1,917.71",https://schoolspecialty.com/furniture/learning-environment-decor/inventionland-short-island-palm-tree-2126615,"https://www.schoolspecialty.com/images/aprimo/da4d11db-508a-4604-be65-b0f0017a967d/2126615_A_JPG%20Output.jpg?width=250&height=250&fit=bounds&canvas=250,250&bg-color=ffffff","If you go with the Inventionland Discovery™ Pirate Ship theme, then you will want to have some of these island palms in your space. They come in two different heights and add a special character to your space."
Furniture,Learning Environment Decor,2126616,Inventionland Storybook Forest Mini Starter Kit Level 2,1,"$4,022.21",https://schoolspecialty.com/furniture/learning-environment-decor/inventionland-storybook-forest-mini-starter-kit-level-2-2126616,"https://www.schoolspecialty.com/images/aprimo/ac20943c-1bb3-4b36-85f1-b0f1009d8940/2126616_A_JPG%20Output.jpg?width=250&height=250&fit=bounds&canvas=250,250&bg-color=ffffff","Innovation Labs® Starter Kits are an excellent way to remodel existing spaces and new school spaces. These kits contain everything you need to turn a normal classroom, or library, or hallway into an environment that will attract learners and teachers alike. If you're looking for an easy way to innovate your school, we're here to help."
Furniture,Learning Environment Decor,2126617,Inventionland Storybook Forest Deluxe Starter Kit For One Innovation Lab Level 1,1,"$13,990.46",https://schoolspecialty.com/furniture/learning-environment-decor/inventionland-storybook-forest-deluxe-starter-kit-for-one-innovation-lab-level-1-2126617,"https://www.schoolspecialty.com/images/aprimo/5f9df857-0a19-4753-b9a2-b0f1005240f0/2126617_A_JPG%20Output.jpg?width=250&height=250&fit=bounds&canvas=250,250&bg-color=ffffff","Innovation Labs® Starter Kits are an excellent way to remodel existing spaces and new school spaces. These kits contain everything you need to turn a normal classroom, or library, or hallway into an environment that will attract learners and teachers alike. If you're looking for an easy way to innovate your school, we're here to help."
Furniture,Learning Environment Decor,2126618,Inventionland Tiki Tech Bar Deluxe Starter Kit For One Innovation Lab Level 3,1,"$23,252.21",https://schoolspecialty.com/furniture/learning-environment-decor/inventionland-tiki-tech-bar-deluxe-starter-kit-for-one-innovation-lab-level-3-2126618,"https://www.schoolspecialty.com/images/aprimo/2470975d-9b9f-4f52-88e9-b0f1009fd2a0/2126618_A_JPG%20Output.jpg?width=250&height=250&fit=bounds&canvas=250,250&bg-color=ffffff","Innovation Labs® Starter Kits are an excellent way to remodel existing spaces and new school spaces. These kits contain everything you need to turn a normal classroom, or library, or hallway into an environment that will attract learners and teachers alike. If you're looking for an easy way to innovate your school, we're here to help."
Furniture,Learning Environment Decor,2126619,Inventionland Tiki Tech Bar Mini Starter Kit Level 3,1,"$7,136.21",https://schoolspecialty.com/furniture/learning-environment-decor/inventionland-tiki-tech-bar-mini-starter-kit-level-3-2126619,"https://www.schoolspecialty.com/images/aprimo/41386971-a434-4a5b-83c2-b0f100644af4/2126619_A_JPG%20Output.jpg?width=250&height=250&fit=bounds&canvas=250,250&bg-color=ffffff","Innovation Labs® Starter Kits are an excellent way to remodel existing spaces and new school spaces. These kits contain everything you need to turn a normal classroom, or library, or hallway into an environment that will attract learners and teachers alike. If you're looking for an easy way to innovate your school, we're here to help."
Furniture,Learning Environment Decor,2126620,Inventionland Storybook Forest Mini Starter Kit Level 3,1,"$5,939.96",https://schoolspecialty.com/furniture/learning-environment-decor/inventionland-storybook-forest-mini-starter-kit-level-3-2126620,"https://www.schoolspecialty.com/images/aprimo/9838d833-adc6-4b48-bb7c-b0f0013ae07c/2126620_A_JPG%20Output.jpg?width=250&height=250&fit=bounds&canvas=250,250&bg-color=ffffff","Innovation Labs® Starter Kits are an excellent way to remodel existing spaces and new school spaces. These kits contain everything you need to turn a normal classroom, or library, or hallway into an environment that will attract learners and teachers alike. If you're looking for an easy way to innovate your school, we're here to help."
Furniture,Learning Environment Decor,2126621,Inventionland Robot Tech Bar Mini Starter Kit Level 1,1,"$5,405.96",https://schoolspecialty.com/furniture/learning-environment-decor/inventionland-robot-tech-bar-mini-starter-kit-level-1-2126621,"https://www.schoolspecialty.com/images/aprimo/f8168c81-4336-416c-8898-b0f1001ec3bc/2126621_A_JPG%20Output.jpg?width=250&height=250&fit=bounds&canvas=250,250&bg-color=ffffff","Innovation Labs® Starter Kits are an excellent way to remodel existing spaces and new school spaces. These kits contain everything you need to turn a normal classroom, or library, or hallway into an environment that will attract learners and teachers alike. If you're looking for an easy way to innovate your school, we're here to help."
Furniture,Learning Environment Decor,2126622,Inventionland Tiki Tech Bar Mini Starter Kit Level 1,1,"$3,568.46",https://schoolspecialty.com/furniture/learning-environment-decor/inventionland-tiki-tech-bar-mini-starter-kit-level-1-2126622,"https://www.schoolspecialty.com/images/aprimo/a39ae369-024d-4516-8e25-b0f0015d014b/2126622_A_JPG%20Output.jpg?width=250&height=250&fit=bounds&canvas=250,250&bg-color=ffffff","Innovation Labs® Starter Kits are an excellent way to remodel existing spaces and new school spaces. These kits contain everything you need to turn a normal classroom, or library, or hallway into an environment that will attract learners and teachers alike. If you're looking for an easy way to innovate your school, we're here to help."
Furniture,Learning Environment Decor,2126609,Inventionland Storybook Forest Mini Starter Kit Level 1,1,"$2,993.96",https://schoolspecialty.com/furniture/learning-environment-decor/inventionland-storybook-forest-mini-starter-kit-level-1-2126609,"https://www.schoolspecialty.com/images/aprimo/2f739630-7834-4bdd-b5a9-b0f100849d4f/2126609_A_JPG%20Output.jpg?width=250&height=250&fit=bounds&canvas=250,250&bg-color=ffffff","Innovation Labs® Starter Kits are an excellent way to remodel existing spaces and new school spaces. These kits contain everything you need to turn a normal classroom, or library, or hallway into an environment that will attract learners and teachers alike. If you're looking for an easy way to innovate your school, we're here to help."
Furniture,Learning Environment Decor,2126614,Inventionland Tiki Tech Bar Deluxe Starter Kit For One Innovation Lab Level 1,1,"$8,786.96",https://schoolspecialty.com/furniture/learning-environment-decor/inventionland-tiki-tech-bar-deluxe-starter-kit-for-one-innovation-lab-level-1-2126614,"https://www.schoolspecialty.com/images/aprimo/c5d29ea0-e6fe-4189-a79a-b0f1001cb3e4/2126614_A_JPG%20Output.jpg?width=250&height=250&fit=bounds&canvas=250,250&bg-color=ffffff","Innovation Labs® Starter Kits are an excellent way to remodel existing spaces and new school spaces. These kits contain everything you need to turn a normal classroom, or library, or hallway into an environment that will attract learners and teachers alike. If you're looking for an easy way to innovate your school, we're here to help."
Furniture,Learning Environment Decor,2126615,Inventionland Short Island Palm Tree,1,"$1,917.71",https://schoolspecialty.com/furniture/learning-environment-decor/inventionland-short-island-palm-tree-2126615,"https://www.schoolspecialty.com/images/aprimo/da4d11db-508a-4604-be65-b0f0017a967d/2126615_A_JPG%20Output.jpg?width=250&height=250&fit=bounds&canvas=250,250&bg-color=ffffff","If you go with the Inventionland Discovery™ Pirate Ship theme, then you will want to have some of these island palms in your space. They come in two different heights and add a special character to your space."
Furniture,Learning Environment Decor,2126616,Inventionland Storybook Forest Mini Starter Kit Level 2,1,"$4,022.21",https://schoolspecialty.com/furniture/learning-environment-decor/inventionland-storybook-forest-mini-starter-kit-level-2-2126616,"https://www.schoolspecialty.com/images/aprimo/ac20943c-1bb3-4b36-85f1-b0f1009d8940/2126616_A_JPG%20Output.jpg?width=250&height=250&fit=bounds&canvas=250,250&bg-color=ffffff","Innovation Labs® Starter Kits are an excellent way to remodel existing spaces and new school spaces. These kits contain everything you need to turn a normal classroom, or library, or hallway into an environment that will attract learners and teachers alike. If you're looking for an easy way to innovate your school, we're here to help."
Furniture,Learning Environment Decor,2126617,Inventionland Storybook Forest Deluxe Starter Kit For One Innovation Lab Level 1,1,"$13,990.46",https://schoolspecialty.com/furniture/learning-environment-decor/inventionland-storybook-forest-deluxe-starter-kit-for-one-innovation-lab-level-1-2126617,"https://www.schoolspecialty.com/images/aprimo/5f9df857-0a19-4753-b9a2-b0f1005240f0/2126617_A_JPG%20Output.jpg?width=250&height=250&fit=bounds&canvas=250,250&bg-color=ffffff","Innovation Labs® Starter Kits are an excellent way to remodel existing spaces and new school spaces. These kits contain everything you need to turn a normal classroom, or library, or hallway into an environment that will attract learners and teachers alike. If you're looking for an easy way to innovate your school, we're here to help."
Furniture,Learning Environment Decor,2126618,Inventionland Tiki Tech Bar Deluxe Starter Kit For One Innovation Lab Level 3,1,"$23,252.21",https://schoolspecialty.com/furniture/learning-environment-decor/inventionland-tiki-tech-bar-deluxe-starter-kit-for-one-innovation-lab-level-3-2126618,"https://www.schoolspecialty.com/images/aprimo/2470975d-9b9f-4f52-88e9-b0f1009fd2a0/2126618_A_JPG%20Output.jpg?width=250&height=250&fit=bounds&canvas=250,250&bg-color=ffffff","Innovation Labs® Starter Kits are an excellent way to remodel existing spaces and new school spaces. These kits contain everything you need to turn a normal classroom, or library, or hallway into an environment that will attract learners and teachers alike. If you're looking for an easy way to innovate your school, we're here to help."
Furniture,Learning Environment Decor,2126619,Inventionland Tiki Tech Bar Mini Starter Kit Level 3,1,"$7,136.21",https://schoolspecialty.com/furniture/learning-environment-decor/inventionland-tiki-tech-bar-mini-starter-kit-level-3-2126619,"https://www.schoolspecialty.com/images/aprimo/41386971-a434-4a5b-83c2-b0f100644af4/2126619_A_JPG%20Output.jpg?width=250&height=250&fit=bounds&canvas=250,250&bg-color=ffffff","Innovation Labs® Starter Kits are an excellent way to remodel existing spaces and new school spaces. These kits contain everything you need to turn a normal classroom, or library, or hallway into an environment that will attract learners and teachers alike. If you're looking for an easy way to innovate your school, we're here to help."
Furniture,Learning Environment Decor,2126620,Inventionland Storybook Forest Mini Starter Kit Level 3,1,"$5,939.96",https://schoolspecialty.com/furniture/learning-environment-decor/inventionland-storybook-forest-mini-starter-kit-level-3-2126620,"https://www.schoolspecialty.com/images/aprimo/9838d833-adc6-4b48-bb7c-b0f0013ae07c/2126620_A_JPG%20Output.jpg?width=250&height=250&fit=bounds&canvas=250,250&bg-color=ffffff","Innovation Labs® Starter Kits are an excellent way to remodel existing spaces and new school spaces. These kits contain everything you need to turn a normal classroom, or library, or hallway into an environment that will attract learners and teachers alike. If you're looking for an easy way to innovate your school, we're here to help."
Furniture,Learning Environment Decor,2126621,Inventionland Robot Tech Bar Mini Starter Kit Level 1,1,"$5,405.96",https://schoolspecialty.com/furniture/learning-environment-decor/inventionland-robot-tech-bar-mini-starter-kit-level-1-2126621,"https://www.schoolspecialty.com/images/aprimo/f8168c81-4336-416c-8898-b0f1001ec3bc/2126621_A_JPG%20Output.jpg?width=250&height=250&fit=bounds&canvas=250,250&bg-color=ffffff","Innovation Labs® Starter Kits are an excellent way to remodel existing spaces and new school spaces. These kits contain everything you need to turn a normal classroom, or library, or hallway into an environment that will attract learners and teachers alike. If you're looking for an easy way to innovate your school, we're here to help."
Furniture,Learning Environment Decor,2126622,Inventionland Tiki Tech Bar Mini Starter Kit Level 1,1,"$3,568.46",https://schoolspecialty.com/furniture/learning-environment-decor/inventionland-tiki-tech-bar-mini-starter-kit-level-1-2126622,"https://www.schoolspecialty.com/images/aprimo/a39ae369-024d-4516-8e25-b0f0015d014b/2126622_A_JPG%20Output.jpg?width=250&height=250&fit=bounds&canvas=250,250&bg-color=ffffff","Innovation Labs® Starter Kits are an excellent way to remodel existing spaces and new school spaces. These kits contain everything you need to turn a normal classroom, or library, or hallway into an environment that will attract learners and teachers alike. If you're looking for an easy way to innovate your school, we're here to help."
Furniture,Learning Environment Decor,2126609,Inventionland Storybook Forest Mini Starter Kit Level 1,1,"$2,993.96",https://schoolspecialty.com/furniture/learning-environment-decor/inventionland-storybook-forest-mini-starter-kit-level-1-2126609,"https://www.schoolspecialty.com/images/aprimo/2f739630-7834-4bdd-b5a9-b0f100849d4f/2126609_A_JPG%20Output.jpg?width=250&height=250&fit=bounds&canvas=250,250&bg-color=ffffff","Innovation Labs® Starter Kits are an excellent way to remodel existing spaces and new school spaces. These kits contain everything you need to turn a normal classroom, or library, or hallway into an environment that will attract learners and teachers alike. If you're looking for an easy way to innovate your school, we're here to help."
Furniture,Learning Environment Decor,2126614,Inventionland Tiki Tech Bar Deluxe Starter Kit For One Innovation Lab Level 1,1,"$8,786.96",https://schoolspecialty.com/furniture/learning-environment-decor/inventionland-tiki-tech-bar-deluxe-starter-kit-for-one-innovation-lab-level-1-2126614,"https://www.schoolspecialty.com/images/aprimo/c5d29ea0-e6fe-4189-a79a-b0f1001cb3e4/2126614_A_JPG%20Output.jpg?width=250&height=250&fit=bounds&canvas=250,250&bg-color=ffffff","Innovation Labs® Starter Kits are an excellent way to remodel existing spaces and new school spaces. These kits contain everything you need to turn a normal classroom, or library, or hallway into an environment that will attract learners and teachers alike. If you're looking for an easy way to innovate your school, we're here to help."
Furniture,Learning Environment Decor,2126615,Inventionland Short Island Palm Tree,1,"$1,917.71",https://schoolspecialty.com/furniture/learning-environment-decor/inventionland-short-island-palm-tree-2126615,"https://www.schoolspecialty.com/images/aprimo/da4d11db-508a-4604-be65-b0f0017a967d/2126615_A_JPG%20Output.jpg?width=250&height=250&fit=bounds&canvas=250,250&bg-color=ffffff","If you go with the Inventionland Discovery™ Pirate Ship theme, then you will want to have some of these island palms in your space. They come in two different heights and add a special character to your space."
Furniture,Learning Environment Decor,2126616,Inventionland Storybook Forest Mini Starter Kit Level 2,1,"$4,022.21",https://schoolspecialty.com/furniture/learning-environment-decor/inventionland-storybook-forest-mini-starter-kit-level-2-2126616,"https://www.schoolspecialty.com/images/aprimo/ac20943c-1bb3-4b36-85f1-b0f1009d8940/2126616_A_JPG%20Output.jpg?width=250&height=250&fit=bounds&canvas=250,250&bg-color=ffffff","Innovation Labs® Starter Kits are an excellent way to remodel existing spaces and new school spaces. These kits contain everything you need to turn a normal classroom, or library, or hallway into an environment that will attract learners and teachers alike. If you're looking for an easy way to innovate your school, we're here to help."
Furniture,Learning Environment Decor,2126617,Inventionland Storybook Forest Deluxe Starter Kit For One Innovation Lab Level 1,1,"$13,990.46",https://schoolspecialty.com/furniture/learning-environment-decor/inventionland-storybook-forest-deluxe-starter-kit-for-one-innovation-lab-level-1-2126617,"https://www.schoolspecialty.com/images/aprimo/5f9df857-0a19-4753-b9a2-b0f1005240f0/2126617_A_JPG%20Output.jpg?width=250&height=250&fit=bounds&canvas=250,250&bg-color=ffffff","Innovation Labs® Starter Kits are an excellent way to remodel existing spaces and new school spaces. These kits contain everything you need to turn a normal classroom, or library, or hallway into an environment that will attract learners and teachers alike. If you're looking for an easy way to innovate your school, we're here to help."
Furniture,Learning Environment Decor,2126618,Inventionland Tiki Tech Bar Deluxe Starter Kit For One Innovation Lab Level 3,1,"$23,252.21",https://schoolspecialty.com/furniture/learning-environment-decor/inventionland-tiki-tech-bar-deluxe-starter-kit-for-one-innovation-lab-level-3-2126618,"https://www.schoolspecialty.com/images/aprimo/2470975d-9b9f-4f52-88e9-b0f1009fd2a0/2126618_A_JPG%20Output.jpg?width=250&height=250&fit=bounds&canvas=250,250&bg-color=ffffff","Innovation Labs® Starter Kits are an excellent way to remodel existing spaces and new school spaces. These kits contain everything you need to turn a normal classroom, or library, or hallway into an environment that will attract learners and teachers alike. If you're looking for an easy way to innovate your school, we're here to help."
Furniture,Learning Environment Decor,2126619,Inventionland Tiki Tech Bar Mini Starter Kit Level 3,1,"$7,136.21",https://schoolspecialty.com/furniture/learning-environment-decor/inventionland-tiki-tech-bar-mini-starter-kit-level-3-2126619,"https://www.schoolspecialty.com/images/aprimo/41386971-a434-4a5b-83c2-b0f100644af4/2126619_A_JPG%20Output.jpg?width=250&height=250&fit=bounds&canvas=250,250&bg-color=ffffff","Innovation Labs® Starter Kits are an excellent way to remodel existing spaces and new school spaces. These kits contain everything you need to turn a normal classroom, or library, or hallway into an environment that will attract learners and teachers alike. If you're looking for an easy way to innovate your school, we're here to help."
Furniture,Learning Environment Decor,2126620,Inventionland Storybook Forest Mini Starter Kit Level 3,1,"$5,939.96",https://schoolspecialty.com/furniture/learning-environment-decor/inventionland-storybook-forest-mini-starter-kit-level-3-2126620,"https://www.schoolspecialty.com/images/aprimo/9838d833-adc6-4b48-bb7c-b0f0013ae07c/2126620_A_JPG%20Output.jpg?width=250&height=250&fit=bounds&canvas=250,250&bg-color=ffffff","Innovation Labs® Starter Kits are an excellent way to remodel existing spaces and new school spaces. These kits contain everything you need to turn a normal classroom, or library, or hallway into an environment that will attract learners and teachers alike. If you're looking for an easy way to innovate your school, we're here to help."
Furniture,Learning Environment Decor,2126621,Inventionland Robot Tech Bar Mini Starter Kit Level 1,1,"$5,405.96",https://schoolspecialty.com/furniture/learning-environment-decor/inventionland-robot-tech-bar-mini-starter-kit-level-1-2126621,"https://www.schoolspecialty.com/images/aprimo/f8168c81-4336-416c-8898-b0f1001ec3bc/2126621_A_JPG%20Output.jpg?width=250&height=250&fit=bounds&canvas=250,250&bg-color=ffffff","Innovation Labs® Starter Kits are an excellent way to remodel existing spaces and new school spaces. These kits contain everything you need to turn a normal classroom, or library, or hallway into an environment that will attract learners and teachers alike. If you're looking for an easy way to innovate your school, we're here to help."
Furniture,Learning Environment Decor,2126622,Inventionland Tiki Tech Bar Mini Starter Kit Level 1,1,"$3,568.46",https://schoolspecialty.com/furniture/learning-environment-decor/inventionland-tiki-tech-bar-mini-starter-kit-level-1-2126622,"https://www.schoolspecialty.com/images/aprimo/a39ae369-024d-4516-8e25-b0f0015d014b/2126622_A_JPG%20Output.jpg?width=250&height=250&fit=bounds&canvas=250,250&bg-color=ffffff","Innovation Labs® Starter Kits are an excellent way to remodel existing spaces and new school spaces. These kits contain everything you need to turn a normal classroom, or library, or hallway into an environment that will attract learners and teachers alike. If you're looking for an easy way to innovate your school, we're here to help."
Furniture,Learning Environment Decor,2126609,Inventionland Storybook Forest Mini Starter Kit Level 1,1,"$2,993.96",https://schoolspecialty.com/furniture/learning-environment-decor/inventionland-storybook-forest-mini-starter-kit-level-1-2126609,"https://www.schoolspecialty.com/images/aprimo/2f739630-7834-4bdd-b5a9-b0f100849d4f/2126609_A_JPG%20Output.jpg?width=250&height=250&fit=bounds&canvas=250,250&bg-color=ffffff","Innovation Labs® Starter Kits are an excellent way to remodel existing spaces and new school spaces. These kits contain everything you need to turn a normal classroom, or library, or hallway into an environment that will attract learners and teachers alike. If you're looking for an easy way to innovate your school, we're here to help."
Furniture,Learning Environment Decor,2126614,Inventionland Tiki Tech Bar Deluxe Starter Kit For One Innovation Lab Level 1,1,"$8,786.96",https://schoolspecialty.com/furniture/learning-environment-decor/inventionland-tiki-tech-bar-deluxe-starter-kit-for-one-innovation-lab-level-1-2126614,"https://www.schoolspecialty.com/images/aprimo/c5d29ea0-e6fe-4189-a79a-b0f1001cb3e4/2126614_A_JPG%20Output.jpg?width=250&height=250&fit=bounds&canvas=250,250&bg-color=ffffff","Innovation Labs® Starter Kits are an excellent way to remodel existing spaces and new school spaces. These kits contain everything you need to turn a normal classroom, or library, or hallway into an environment that will attract learners and teachers alike. If you're looking for an easy way to innovate your school, we're here to help."
Furniture,Learning Environment Decor,2126615,Inventionland Short Island Palm Tree,1,"$1,917.71",https://schoolspecialty.com/furniture/learning-environment-decor/inventionland-short-island-palm-tree-2126615,"https://www.schoolspecialty.com/images/aprimo/da4d11db-508a-4604-be65-b0f0017a967d/2126615_A_JPG%20Output.jpg?width=250&height=250&fit=bounds&canvas=250,250&bg-color=ffffff","If you go with the Inventionland Discovery™ Pirate Ship theme, then you will want to have some of these island palms in your space. They come in two different heights and add a special character to your space."
Furniture,Learning Environment Decor,2126616,Inventionland Storybook Forest Mini Starter Kit Level 2,1,"$4,022.21",https://schoolspecialty.com/furniture/learning-environment-decor/inventionland-storybook-forest-mini-starter-kit-level-2-2126616,"https://www.schoolspecialty.com/images/aprimo/ac20943c-1bb3-4b36-85f1-b0f1009d8940/2126616_A_JPG%20Output.jpg?width=250&height=250&fit=bounds&canvas=250,250&bg-color=ffffff","Innovation Labs® Starter Kits are an excellent way to remodel existing spaces and new school spaces. These kits contain everything you need to turn a normal classroom, or library, or hallway into an environment that will attract learners and teachers alike. If you're looking for an easy way to innovate your school, we're here to help."
Furniture,Learning Environment Decor,2126617,Inventionland Storybook Forest Deluxe Starter Kit For One Innovation Lab Level 1,1,"$13,990.46",https://schoolspecialty.com/furniture/learning-environment-decor/inventionland-storybook-forest-deluxe-starter-kit-for-one-innovation-lab-level-1-2126617,"https://www.schoolspecialty.com/images/aprimo/5f9df857-0a19-4753-b9a2-b0f1005240f0/2126617_A_JPG%20Output.jpg?width=250&height=250&fit=bounds&canvas=250,250&bg-color=ffffff","Innovation Labs® Starter Kits are an excellent way to remodel existing spaces and new school spaces. These kits contain everything you need to turn a normal classroom, or library, or hallway into an environment that will attract learners and teachers alike. If you're looking for an easy way to innovate your school, we're here to help."
Furniture,Learning Environment Decor,2126618,Inventionland Tiki Tech Bar Deluxe Starter Kit For One Innovation Lab Level 3,1,"$23,252.21",https://schoolspecialty.com/furniture/learning-environment-decor/inventionland-tiki-tech-bar-deluxe-starter-kit-for-one-innovation-lab-level-3-2126618,"https://www.schoolspecialty.com/images/aprimo/2470975d-9b9f-4f52-88e9-b0f1009fd2a0/2126618_A_JPG%20Output.jpg?width=250&height=250&fit=bounds&canvas=250,250&bg-color=ffffff","Innovation Labs® Starter Kits are an excellent way to remodel existing spaces and new school spaces. These kits contain everything you need to turn a normal classroom, or library, or hallway into an environment that will attract learners and teachers alike. If you're looking for an easy way to innovate your school, we're here to help."
Furniture,Learning Environment Decor,2126619,Inventionland Tiki Tech Bar Mini Starter Kit Level 3,1,"$7,136.21",https://schoolspecialty.com/furniture/learning-environment-decor/inventionland-tiki-tech-bar-mini-starter-kit-level-3-2126619,"https://www.schoolspecialty.com/images/aprimo/41386971-a434-4a5b-83c2-b0f100644af4/2126619_A_JPG%20Output.jpg?width=250&height=250&fit=bounds&canvas=250,250&bg-color=ffffff","Innovation Labs® Starter Kits are an excellent way to remodel existing spaces and new school spaces. These kits contain everything you need to turn a normal classroom, or library, or hallway into an environment that will attract learners and teachers alike. If you're looking for an easy way to innovate your school, we're here to help."
Furniture,Learning Environment Decor,2126620,Inventionland Storybook Forest Mini Starter Kit Level 3,1,"$5,939.96",https://schoolspecialty.com/furniture/learning-environment-decor/inventionland-storybook-forest-mini-starter-kit-level-3-2126620,"https://www.schoolspecialty.com/images/aprimo/9838d833-adc6-4b48-bb7c-b0f0013ae07c/2126620_A_JPG%20Output.jpg?width=250&height=250&fit=bounds&canvas=250,250&bg-color=ffffff","Innovation Labs® Starter Kits are an excellent way to remodel existing spaces and new school spaces. These kits contain everything you need to turn a normal classroom, or library, or hallway into an environment that will attract learners and teachers alike. If you're looking for an easy way to innovate your school, we're here to help."
Furniture,Learning Environment Decor,2126621,Inventionland Robot Tech Bar Mini Starter Kit Level 1,1,"$5,405.96",https://schoolspecialty.com/furniture/learning-environment-decor/inventionland-robot-tech-bar-mini-starter-kit-level-1-2126621,"https://www.schoolspecialty.com/images/aprimo/f8168c81-4336-416c-8898-b0f1001ec3bc/2126621_A_JPG%20Output.jpg?width=250&height=250&fit=bounds&canvas=250,250&bg-color=ffffff","Innovation Labs® Starter Kits are an excellent way to remodel existing spaces and new school spaces. These kits contain everything you need to turn a normal classroom, or library, or hallway into an environment that will attract learners and teachers alike. If you're looking for an easy way to innovate your school, we're here to help."
Furniture,Learning Environment Decor,2126622,Inventionland Tiki Tech Bar Mini Starter Kit Level 1,1,"$3,568.46",https://schoolspecialty.com/furniture/learning-environment-decor/inventionland-tiki-tech-bar-mini-starter-kit-level-1-2126622,"https://www.schoolspecialty.com/images/aprimo/a39ae369-024d-4516-8e25-b0f0015d014b/2126622_A_JPG%20Output.jpg?width=250&height=250&fit=bounds&canvas=250,250&bg-color=ffffff","Innovation Labs® Starter Kits are an excellent way to remodel existing spaces and new school spaces. These kits contain everything you need to turn a normal classroom, or library, or hallway into an environment that will attract learners and teachers alike. If you're looking for an easy way to innovate your school, we're here to help."
Furniture,Learning Environment Decor,2126609,Inventionland Storybook Forest Mini Starter Kit Level 1,1,"$2,993.96",https://schoolspecialty.com/furniture/learning-environment-decor/inventionland-storybook-forest-mini-starter-kit-level-1-2126609,"https://www.schoolspecialty.com/images/aprimo/2f739630-7834-4bdd-b5a9-b0f100849d4f/2126609_A_JPG%20Output.jpg?width=250&height=250&fit=bounds&canvas=250,250&bg-color=ffffff","Innovation Labs® Starter Kits are an excellent way to remodel existing spaces and new school spaces. These kits contain everything you need to turn a normal classroom, or library, or hallway into an environment that will attract learners and teachers alike. If you're looking for an easy way to innovate your school, we're here to help."
Furniture,Learning Environment Decor,2126614,Inventionland Tiki Tech Bar Deluxe Starter Kit For One Innovation Lab Level 1,1,"$8,786.96",https://schoolspecialty.com/furniture/learning-environment-decor/inventionland-tiki-tech-bar-deluxe-starter-kit-for-one-innovation-lab-level-1-2126614,"https://www.schoolspecialty.com/images/aprimo/c5d29ea0-e6fe-4189-a79a-b0f1001cb3e4/2126614_A_JPG%20Output.jpg?width=250&height=250&fit=bounds&canvas=250,250&bg-color=ffffff","Innovation Labs® Starter Kits are an excellent way to remodel existing spaces and new school spaces. These kits contain everything you need to turn a normal classroom, or library, or hallway into an environment that will attract learners and teachers alike. If you're looking for an easy way to innovate your school, we're here to help."
Furniture,Learning Environment Decor,2126615,Inventionland Short Island Palm Tree,1,"$1,917.71",https://schoolspecialty.com/furniture/learning-environment-decor/inventionland-short-island-palm-tree-2126615,"https://www.schoolspecialty.com/images/aprimo/da4d11db-508a-4604-be65-b0f0017a967d/2126615_A_JPG%20Output.jpg?width=250&height=250&fit=bounds&canvas=250,250&bg-color=ffffff","If you go with the Inventionland Discovery™ Pirate Ship theme, then you will want to have some of these island palms in your space. They come in two different heights and add a special character to your space."
Furniture,Learning Environment Decor,2126616,Inventionland Storybook Forest Mini Starter Kit Level 2,1,"$4,022.21",https://schoolspecialty.com/furniture/learning-environment-decor/inventionland-storybook-forest-mini-starter-kit-level-2-2126616,"https://www.schoolspecialty.com/images/aprimo/ac20943c-1bb3-4b36-85f1-b0f1009d8940/2126616_A_JPG%20Output.jpg?width=250&height=250&fit=bounds&canvas=250,250&bg-color=ffffff","Innovation Labs® Starter Kits are an excellent way to remodel existing spaces and new school spaces. These kits contain everything you need to turn a normal classroom, or library, or hallway into an environment that will attract learners and teachers alike. If you're looking for an easy way to innovate your school, we're here to help."
Furniture,Learning Environment Decor,2126617,Inventionland Storybook Forest Deluxe Starter Kit For One Innovation Lab Level 1,1,"$13,990.46",https://schoolspecialty.com/furniture/learning-environment-decor/inventionland-storybook-forest-deluxe-starter-kit-for-one-innovation-lab-level-1-2126617,"https://www.schoolspecialty.com/images/aprimo/5f9df857-0a19-4753-b9a2-b0f1005240f0/2126617_A_JPG%20Output.jpg?width=250&height=250&fit=bounds&canvas=250,250&bg-color=ffffff","Innovation Labs® Starter Kits are an excellent way to remodel existing spaces and new school spaces. These kits contain everything you need to turn a normal classroom, or library, or hallway into an environment that will attract learners and teachers alike. If you're looking for an easy way to innovate your school, we're here to help."
Furniture,Learning Environment Decor,2126618,Inventionland Tiki Tech Bar Deluxe Starter Kit For One Innovation Lab Level 3,1,"$23,252.21",https://schoolspecialty.com/furniture/learning-environment-decor/inventionland-tiki-tech-bar-deluxe-starter-kit-for-one-innovation-lab-level-3-2126618,"https://www.schoolspecialty.com/images/aprimo/2470975d-9b9f-4f52-88e9-b0f1009fd2a0/2126618_A_JPG%20Output.jpg?width=250&height=250&fit=bounds&canvas=250,250&bg-color=ffffff","Innovation Labs® Starter Kits are an excellent way to remodel existing spaces and new school spaces. These kits contain everything you need to turn a normal classroom, or library, or hallway into an environment that will attract learners and teachers alike. If you're looking for an easy way to innovate your school, we're here to help."
Furniture,Learning Environment Decor,2126619,Inventionland Tiki Tech Bar Mini Starter Kit Level 3,1,"$7,136.21",https://schoolspecialty.com/furniture/learning-environment-decor/inventionland-tiki-tech-bar-mini-starter-kit-level-3-2126619,"https://www.schoolspecialty.com/images/aprimo/41386971-a434-4a5b-83c2-b0f100644af4/2126619_A_JPG%20Output.jpg?width=250&height=250&fit=bounds&canvas=250,250&bg-color=ffffff","Innovation Labs® Starter Kits are an excellent way to remodel existing spaces and new school spaces. These kits contain everything you need to turn a normal classroom, or library, or hallway into an environment that will attract learners and teachers alike. If you're looking for an easy way to innovate your school, we're here to help."
Furniture,Learning Environment Decor,2126620,Inventionland Storybook Forest Mini Starter Kit Level 3,1,"$5,939.96",https://schoolspecialty.com/furniture/learning-environment-decor/inventionland-storybook-forest-mini-starter-kit-level-3-2126620,"https://www.schoolspecialty.com/images/aprimo/9838d833-adc6-4b48-bb7c-b0f0013ae07c/2126620_A_JPG%20Output.jpg?width=250&height=250&fit=bounds&canvas=250,250&bg-color=ffffff","Innovation Labs® Starter Kits are an excellent way to remodel existing spaces and new school spaces. These kits contain everything you need to turn a normal classroom, or library, or hallway into an environment that will attract learners and teachers alike. If you're looking for an easy way to innovate your school, we're here to help."
Furniture,Learning Environment Decor,2126621,Inventionland Robot Tech Bar Mini Starter Kit Level 1,1,"$5,405.96",https://schoolspecialty.com/furniture/learning-environment-decor/inventionland-robot-tech-bar-mini-starter-kit-level-1-2126621,"https://www.schoolspecialty.com/images/aprimo/f8168c81-4336-416c-8898-b0f1001ec3bc/2126621_A_JPG%20Output.jpg?width=250&height=250&fit=bounds&canvas=250,250&bg-color=ffffff","Innovation Labs® Starter Kits are an excellent way to remodel existing spaces and new school spaces. These kits contain everything you need to turn a normal classroom, or library, or hallway into an environment that will attract learners and teachers alike. If you're looking for an easy way to innovate your school, we're here to help."
Furniture,Learning Environment Decor,2126622,Inventionland Tiki Tech Bar Mini Starter Kit Level 1,1,"$3,568.46",https://schoolspecialty.com/furniture/learning-environment-decor/inventionland-tiki-tech-bar-mini-starter-kit-level-1-2126622,"https://www.schoolspecialty.com/images/aprimo/a39ae369-024d-4516-8e25-b0f0015d014b/2126622_A_JPG%20Output.jpg?width=250&height=250&fit=bounds&canvas=250,250&bg-color=ffffff","Innovation Labs® Starter Kits are an excellent way to remodel existing spaces and new school spaces. These kits contain everything you need to turn a normal classroom, or library, or hallway into an environment that will attract learners and teachers alike. If you're looking for an easy way to innovate your school, we're here to help."
Furniture,Learning Environment Decor,2126609,Inventionland Storybook Forest Mini Starter Kit Level 1,1,"$2,993.96",https://schoolspecialty.com/furniture/learning-environment-decor/inventionland-storybook-forest-mini-starter-kit-level-1-2126609,"https://www.schoolspecialty.com/images/aprimo/2f739630-7834-4bdd-b5a9-b0f100849d4f/2126609_A_JPG%20Output.jpg?width=250&height=250&fit=bounds&canvas=250,250&bg-color=ffffff","Innovation Labs® Starter Kits are an excellent way to remodel existing spaces and new school spaces. These kits contain everything you need to turn a normal classroom, or library, or hallway into an environment that will attract learners and teachers alike. If you're looking for an easy way to innovate your school, we're here to help."
Furniture,Learning Environment Decor,2126614,Inventionland Tiki Tech Bar Deluxe Starter Kit For One Innovation Lab Level 1,1,"$8,786.96",https://schoolspecialty.com/furniture/learning-environment-decor/inventionland-tiki-tech-bar-deluxe-starter-kit-for-one-innovation-lab-level-1-2126614,"https://www.schoolspecialty.com/images/aprimo/c5d29ea0-e6fe-4189-a79a-b0f1001cb3e4/2126614_A_JPG%20Output.jpg?width=250&height=250&fit=bounds&canvas=250,250&bg-color=ffffff","Innovation Labs® Starter Kits are an excellent way to remodel existing spaces and new school spaces. These kits contain everything you need to turn a normal classroom, or library, or hallway into an environment that will attract learners and teachers alike. If you're looking for an easy way to innovate your school, we're here to help."
Furniture,Learning Environment Decor,2126615,Inventionland Short Island Palm Tree,1,"$1,917.71",https://schoolspecialty.com/furniture/learning-environment-decor/inventionland-short-island-palm-tree-2126615,"https://www.schoolspecialty.com/images/aprimo/da4d11db-508a-4604-be65-b0f0017a967d/2126615_A_JPG%20Output.jpg?width=250&height=250&fit=bounds&canvas=250,250&bg-color=ffffff","If you go with the Inventionland Discovery™ Pirate Ship theme, then you will want to have some of these island palms in your space. They come in two different heights and add a special character to your space."
Furniture,Learning Environment Decor,2126616,Inventionland Storybook Forest Mini Starter Kit Level 2,1,"$4,022.21",https://schoolspecialty.com/furniture/learning-environment-decor/inventionland-storybook-forest-mini-starter-kit-level-2-2126616,"https://www.schoolspecialty.com/images/aprimo/ac20943c-1bb3-4b36-85f1-b0f1009d8940/2126616_A_JPG%20Output.jpg?width=250&height=250&fit=bounds&canvas=250,250&bg-color=ffffff","Innovation Labs® Starter Kits are an excellent way to remodel existing spaces and new school spaces. These kits contain everything you need to turn a normal classroom, or library, or hallway into an environment that will attract learners and teachers alike. If you're looking for an easy way to innovate your school, we're here to help."
Furniture,Learning Environment Decor,2126617,Inventionland Storybook Forest Deluxe Starter Kit For One Innovation Lab Level 1,1,"$13,990.46",https://schoolspecialty.com/furniture/learning-environment-decor/inventionland-storybook-forest-deluxe-starter-kit-for-one-innovation-lab-level-1-2126617,"https://www.schoolspecialty.com/images/aprimo/5f9df857-0a19-4753-b9a2-b0f1005240f0/2126617_A_JPG%20Output.jpg?width=250&height=250&fit=bounds&canvas=250,250&bg-color=ffffff","Innovation Labs® Starter Kits are an excellent way to remodel existing spaces and new school spaces. These kits contain everything you need to turn a normal classroom, or library, or hallway into an environment that will attract learners and teachers alike. If you're looking for an easy way to innovate your school, we're here to help."
Furniture,Learning Environment Decor,2126618,Inventionland Tiki Tech Bar Deluxe Starter Kit For One Innovation Lab Level 3,1,"$23,252.21",https://schoolspecialty.com/furniture/learning-environment-decor/inventionland-tiki-tech-bar-deluxe-starter-kit-for-one-innovation-lab-level-3-2126618,"https://www.schoolspecialty.com/images/aprimo/2470975d-9b9f-4f52-88e9-b0f1009fd2a0/2126618_A_JPG%20Output.jpg?width=250&height=250&fit=bounds&canvas=250,250&bg-color=ffffff","Innovation Labs® Starter Kits are an excellent way to remodel existing spaces and new school spaces. These kits contain everything you need to turn a normal classroom, or library, or hallway into an environment that will attract learners and teachers alike. If you're looking for an easy way to innovate your school, we're here to help."
Furniture,Learning Environment Decor,2126619,Inventionland Tiki Tech Bar Mini Starter Kit Level 3,1,"$7,136.21",https://schoolspecialty.com/furniture/learning-environment-decor/inventionland-tiki-tech-bar-mini-starter-kit-level-3-2126619,"https://www.schoolspecialty.com/images/aprimo/41386971-a434-4a5b-83c2-b0f100644af4/2126619_A_JPG%20Output.jpg?width=250&height=250&fit=bounds&canvas=250,250&bg-color=ffffff","Innovation Labs® Starter Kits are an excellent way to remodel existing spaces and new school spaces. These kits contain everything you need to turn a normal classroom, or library, or hallway into an environment that will attract learners and teachers alike. If you're looking for an easy way to innovate your school, we're here to help."
Furniture,Learning Environment Decor,2126620,Inventionland Storybook Forest Mini Starter Kit Level 3,1,"$5,939.96",https://schoolspecialty.com/furniture/learning-environment-decor/inventionland-storybook-forest-mini-starter-kit-level-3-2126620,"https://www.schoolspecialty.com/images/aprimo/9838d833-adc6-4b48-bb7c-b0f0013ae07c/2126620_A_JPG%20Output.jpg?width=250&height=250&fit=bounds&canvas=250,250&bg-color=ffffff","Innovation Labs® Starter Kits are an excellent way to remodel existing spaces and new school spaces. These kits contain everything you need to turn a normal classroom, or library, or hallway into an environment that will attract learners and teachers alike. If you're looking for an easy way to innovate your school, we're here to help."
Furniture,Learning Environment Decor,2126621,Inventionland Robot Tech Bar Mini Starter Kit Level 1,1,"$5,405.96",https://schoolspecialty.com/furniture/learning-environment-decor/inventionland-robot-tech-bar-mini-starter-kit-level-1-2126621,"https://www.schoolspecialty.com/images/aprimo/f8168c81-4336-416c-8898-b0f1001ec3bc/2126621_A_JPG%20Output.jpg?width=250&height=250&fit=bounds&canvas=250,250&bg-color=ffffff","Innovation Labs® Starter Kits are an excellent way to remodel existing spaces and new school spaces. These kits contain everything you need to turn a normal classroom, or library, or hallway into an environment that will attract learners and teachers alike. If you're looking for an easy way to innovate your school, we're here to help."
Furniture,Learning Environment Decor,2126622,Inventionland Tiki Tech Bar Mini Starter Kit Level 1,1,"$3,568.46",https://schoolspecialty.com/furniture/learning-environment-decor/inventionland-tiki-tech-bar-mini-starter-kit-level-1-2126622,"https://www.schoolspecialty.com/images/aprimo/a39ae369-024d-4516-8e25-b0f0015d014b/2126622_A_JPG%20Output.jpg?width=250&height=250&fit=bounds&canvas=250,250&bg-color=ffffff","Innovation Labs® Starter Kits are an excellent way to remodel existing spaces and new school spaces. These kits contain everything you need to turn a normal classroom, or library, or hallway into an environment that will attract learners and teachers alike. If you're looking for an easy way to innovate your school, we're here to help."
Furniture,Learning Environment Decor,2126609,Inventionland Storybook Forest Mini Starter Kit Level 1,1,"$2,993.96",https://schoolspecialty.com/furniture/learning-environment-decor/inventionland-storybook-forest-mini-starter-kit-level-1-2126609,"https://www.schoolspecialty.com/images/aprimo/2f739630-7834-4bdd-b5a9-b0f100849d4f/2126609_A_JPG%20Output.jpg?width=250&height=250&fit=bounds&canvas=250,250&bg-color=ffffff","Innovation Labs® Starter Kits are an excellent way to remodel existing spaces and new school spaces. These kits contain everything you need to turn a normal classroom, or library, or hallway into an environment that will attract learners and teachers alike. If you're looking for an easy way to innovate your school, we're here to help."
Furniture,Learning Environment Decor,2126614,Inventionland Tiki Tech Bar Deluxe Starter Kit For One Innovation Lab Level 1,1,"$8,786.96",https://schoolspecialty.com/furniture/learning-environment-decor/inventionland-tiki-tech-bar-deluxe-starter-kit-for-one-innovation-lab-level-1-2126614,"https://www.schoolspecialty.com/images/aprimo/c5d29ea0-e6fe-4189-a79a-b0f1001cb3e4/2126614_A_JPG%20Output.jpg?width=250&height=250&fit=bounds&canvas=250,250&bg-color=ffffff","Innovation Labs® Starter Kits are an excellent way to remodel existing spaces and new school spaces. These kits contain everything you need to turn a normal classroom, or library, or hallway into an environment that will attract learners and teachers alike. If you're looking for an easy way to innovate your school, we're here to help."
Furniture,Learning Environment Decor,2126615,Inventionland Short Island Palm Tree,1,"$1,917.71",https://schoolspecialty.com/furniture/learning-environment-decor/inventionland-short-island-palm-tree-2126615,"https://www.schoolspecialty.com/images/aprimo/da4d11db-508a-4604-be65-b0f0017a967d/2126615_A_JPG%20Output.jpg?width=250&height=250&fit=bounds&canvas=250,250&bg-color=ffffff","If you go with the Inventionland Discovery™ Pirate Ship theme, then you will want to have some of these island palms in your space. They come in two different heights and add a special character to your space."
Furniture,Learning Environment Decor,2126616,Inventionland Storybook Forest Mini Starter Kit Level 2,1,"$4,022.21",https://schoolspecialty.com/furniture/learning-environment-decor/inventionland-storybook-forest-mini-starter-kit-level-2-2126616,"https://www.schoolspecialty.com/images/aprimo/ac20943c-1bb3-4b36-85f1-b0f1009d8940/2126616_A_JPG%20Output.jpg?width=250&height=250&fit=bounds&canvas=250,250&bg-color=ffffff","Innovation Labs® Starter Kits are an excellent way to remodel existing spaces and new school spaces. These kits contain everything you need to turn a normal classroom, or library, or hallway into an environment that will attract learners and teachers alike. If you're looking for an easy way to innovate your school, we're here to help."
Furniture,Learning Environment Decor,2126617,Inventionland Storybook Forest Deluxe Starter Kit For One Innovation Lab Level 1,1,"$13,990.46",https://schoolspecialty.com/furniture/learning-environment-decor/inventionland-storybook-forest-deluxe-starter-kit-for-one-innovation-lab-level-1-2126617,"https://www.schoolspecialty.com/images/aprimo/5f9df857-0a19-4753-b9a2-b0f1005240f0/2126617_A_JPG%20Output.jpg?width=250&height=250&fit=bounds&canvas=250,250&bg-color=ffffff","Innovation Labs® Starter Kits are an excellent way to remodel existing spaces and new school spaces. These kits contain everything you need to turn a normal classroom, or library, or hallway into an environment that will attract learners and teachers alike. If you're looking for an easy way to innovate your school, we're here to help."
Furniture,Learning Environment Decor,2126618,Inventionland Tiki Tech Bar Deluxe Starter Kit For One Innovation Lab Level 3,1,"$23,252.21",https://schoolspecialty.com/furniture/learning-environment-decor/inventionland-tiki-tech-bar-deluxe-starter-kit-for-one-innovation-lab-level-3-2126618,"https://www.schoolspecialty.com/images/aprimo/2470975d-9b9f-4f52-88e9-b0f1009fd2a0/2126618_A_JPG%20Output.jpg?width=250&height=250&fit=bounds&canvas=250,250&bg-color=ffffff","Innovation Labs® Starter Kits are an excellent way to remodel existing spaces and new school spaces. These kits contain everything you need to turn a normal classroom, or library, or hallway into an environment that will attract learners and teachers alike. If you're looking for an easy way to innovate your school, we're here to help."
Furniture,Learning Environment Decor,2126619,Inventionland Tiki Tech Bar Mini Starter Kit Level 3,1,"$7,136.21",https://schoolspecialty.com/furniture/learning-environment-decor/inventionland-tiki-tech-bar-mini-starter-kit-level-3-2126619,"https://www.schoolspecialty.com/images/aprimo/41386971-a434-4a5b-83c2-b0f100644af4/2126619_A_JPG%20Output.jpg?width=250&height=250&fit=bounds&canvas=250,250&bg-color=ffffff","Innovation Labs® Starter Kits are an excellent way to remodel existing spaces and new school spaces. These kits contain everything you need to turn a normal classroom, or library, or hallway into an environment that will attract learners and teachers alike. If you're looking for an easy way to innovate your school, we're here to help."
Furniture,Learning Environment Decor,2126620,Inventionland Storybook Forest Mini Starter Kit Level 3,1,"$5,939.96",https://schoolspecialty.com/furniture/learning-environment-decor/inventionland-storybook-forest-mini-starter-kit-level-3-2126620,"https://www.schoolspecialty.com/images/aprimo/9838d833-adc6-4b48-bb7c-b0f0013ae07c/2126620_A_JPG%20Output.jpg?width=250&height=250&fit=bounds&canvas=250,250&bg-color=ffffff","Innovation Labs® Starter Kits are an excellent way to remodel existing spaces and new school spaces. These kits contain everything you need to turn a normal classroom, or library, or hallway into an environment that will attract learners and teachers alike. If you're looking for an easy way to innovate your school, we're here to help."
Furniture,Learning Environment Decor,2126621,Inventionland Robot Tech Bar Mini Starter Kit Level 1,1,"$5,405.96",https://schoolspecialty.com/furniture/learning-environment-decor/inventionland-robot-tech-bar-mini-starter-kit-level-1-2126621,"https://www.schoolspecialty.com/images/aprimo/f8168c81-4336-416c-8898-b0f1001ec3bc/2126621_A_JPG%20Output.jpg?width=250&height=250&fit=bounds&canvas=250,250&bg-color=ffffff","Innovation Labs® Starter Kits are an excellent way to remodel existing spaces and new school spaces. These kits contain everything you need to turn a normal classroom, or library, or hallway into an environment that will attract learners and teachers alike. If you're looking for an easy way to innovate your school, we're here to help."
Furniture,Learning Environment Decor,2126622,Inventionland Tiki Tech Bar Mini Starter Kit Level 1,1,"$3,568.46",https://schoolspecialty.com/furniture/learning-environment-decor/inventionland-tiki-tech-bar-mini-starter-kit-level-1-2126622,"https://www.schoolspecialty.com/images/aprimo/a39ae369-024d-4516-8e25-b0f0015d014b/2126622_A_JPG%20Output.jpg?width=250&height=250&fit=bounds&canvas=250,250&bg-color=ffffff","Innovation Labs® Starter Kits are an excellent way to remodel existing spaces and new school spaces. These kits contain everything you need to turn a normal classroom, or library, or hallway into an environment that will attract learners and teachers alike. If you're looking for an easy way to innovate your school, we're here to help."
Furniture,Learning Environment Decor,2126609,Inventionland Storybook Forest Mini Starter Kit Level 1,1,"$2,993.96",https://schoolspecialty.com/furniture/learning-environment-decor/inventionland-storybook-forest-mini-starter-kit-level-1-2126609,"https://www.schoolspecialty.com/images/aprimo/2f739630-7834-4bdd-b5a9-b0f100849d4f/2126609_A_JPG%20Output.jpg?width=250&height=250&fit=bounds&canvas=250,250&bg-color=ffffff","Innovation Labs® Starter Kits are an excellent way to remodel existing spaces and new school spaces. These kits contain everything you need to turn a normal classroom, or library, or hallway into an environment that will attract learners and teachers alike. If you're looking for an easy way to innovate your school, we're here to help."
Furniture,Learning Environment Decor,2126614,Inventionland Tiki Tech Bar Deluxe Starter Kit For One Innovation Lab Level 1,1,"$8,786.96",https://schoolspecialty.com/furniture/learning-environment-decor/inventionland-tiki-tech-bar-deluxe-starter-kit-for-one-innovation-lab-level-1-2126614,"https://www.schoolspecialty.com/images/aprimo/c5d29ea0-e6fe-4189-a79a-b0f1001cb3e4/2126614_A_JPG%20Output.jpg?width=250&height=250&fit=bounds&canvas=250,250&bg-color=ffffff","Innovation Labs® Starter Kits are an excellent way to remodel existing spaces and new school spaces. These kits contain everything you need to turn a normal classroom, or library, or hallway into an environment that will attract learners and teachers alike. If you're looking for an easy way to innovate your school, we're here to help."
Furniture,Learning Environment Decor,2126615,Inventionland Short Island Palm Tree,1,"$1,917.71",https://schoolspecialty.com/furniture/learning-environment-decor/inventionland-short-island-palm-tree-2126615,"https://www.schoolspecialty.com/images/aprimo/da4d11db-508a-4604-be65-b0f0017a967d/2126615_A_JPG%20Output.jpg?width=250&height=250&fit=bounds&canvas=250,250&bg-color=ffffff","If you go with the Inventionland Discovery™ Pirate Ship theme, then you will want to have some of these island palms in your space. They come in two different heights and add a special character to your space."
Furniture,Learning Environment Decor,2126616,Inventionland Storybook Forest Mini Starter Kit Level 2,1,"$4,022.21",https://schoolspecialty.com/furniture/learning-environment-decor/inventionland-storybook-forest-mini-starter-kit-level-2-2126616,"https://www.schoolspecialty.com/images/aprimo/ac20943c-1bb3-4b36-85f1-b0f1009d8940/2126616_A_JPG%20Output.jpg?width=250&height=250&fit=bounds&canvas=250,250&bg-color=ffffff","Innovation Labs® Starter Kits are an excellent way to remodel existing spaces and new school spaces. These kits contain everything you need to turn a normal classroom, or library, or hallway into an environment that will attract learners and teachers alike. If you're looking for an easy way to innovate your school, we're here to help."
Furniture,Learning Environment Decor,2126617,Inventionland Storybook Forest Deluxe Starter Kit For One Innovation Lab Level 1,1,"$13,990.46",https://schoolspecialty.com/furniture/learning-environment-decor/inventionland-storybook-forest-deluxe-starter-kit-for-one-innovation-lab-level-1-2126617,"https://www.schoolspecialty.com/images/aprimo/5f9df857-0a19-4753-b9a2-b0f1005240f0/2126617_A_JPG%20Output.jpg?width=250&height=250&fit=bounds&canvas=250,250&bg-color=ffffff","Innovation Labs® Starter Kits are an excellent way to remodel existing spaces and new school spaces. These kits contain everything you need to turn a normal classroom, or library, or hallway into an environment that will attract learners and teachers alike. If you're looking for an easy way to innovate your school, we're here to help."
Furniture,Learning Environment Decor,2126618,Inventionland Tiki Tech Bar Deluxe Starter Kit For One Innovation Lab Level 3,1,"$23,252.21",https://schoolspecialty.com/furniture/learning-environment-decor/inventionland-tiki-tech-bar-deluxe-starter-kit-for-one-innovation-lab-level-3-2126618,"https://www.schoolspecialty.com/images/aprimo/2470975d-9b9f-4f52-88e9-b0f1009fd2a0/2126618_A_JPG%20Output.jpg?width=250&height=250&fit=bounds&canvas=250,250&bg-color=ffffff","Innovation Labs® Starter Kits are an excellent way to remodel existing spaces and new school spaces. These kits contain everything you need to turn a normal classroom, or library, or hallway into an environment that will attract learners and teachers alike. If you're looking for an easy way to innovate your school, we're here to help."
Furniture,Learning Environment Decor,2126619,Inventionland Tiki Tech Bar Mini Starter Kit Level 3,1,"$7,136.21",https://schoolspecialty.com/furniture/learning-environment-decor/inventionland-tiki-tech-bar-mini-starter-kit-level-3-2126619,"https://www.schoolspecialty.com/images/aprimo/41386971-a434-4a5b-83c2-b0f100644af4/2126619_A_JPG%20Output.jpg?width=250&height=250&fit=bounds&canvas=250,250&bg-color=ffffff","Innovation Labs® Starter Kits are an excellent way to remodel existing spaces and new school spaces. These kits contain everything you need to turn a normal classroom, or library, or hallway into an environment that will attract learners and teachers alike. If you're looking for an easy way to innovate your school, we're here to help."
Furniture,Learning Environment Decor,2126620,Inventionland Storybook Forest Mini Starter Kit Level 3,1,"$5,939.96",https://schoolspecialty.com/furniture/learning-environment-decor/inventionland-storybook-forest-mini-starter-kit-level-3-2126620,"https://www.schoolspecialty.com/images/aprimo/9838d833-adc6-4b48-bb7c-b0f0013ae07c/2126620_A_JPG%20Output.jpg?width=250&height=250&fit=bounds&canvas=250,250&bg-color=ffffff","Innovation Labs® Starter Kits are an excellent way to remodel existing spaces and new school spaces. These kits contain everything you need to turn a normal classroom, or library, or hallway into an environment that will attract learners and teachers alike. If you're looking for an easy way to innovate your school, we're here to help."
Furniture,Learning Environment Decor,2126621,Inventionland Robot Tech Bar Mini Starter Kit Level 1,1,"$5,405.96",https://schoolspecialty.com/furniture/learning-environment-decor/inventionland-robot-tech-bar-mini-starter-kit-level-1-2126621,"https://www.schoolspecialty.com/images/aprimo/f8168c81-4336-416c-8898-b0f1001ec3bc/2126621_A_JPG%20Output.jpg?width=250&height=250&fit=bounds&canvas=250,250&bg-color=ffffff","Innovation Labs® Starter Kits are an excellent way to remodel existing spaces and new school spaces. These kits contain everything you need to turn a normal classroom, or library, or hallway into an environment that will attract learners and teachers alike. If you're looking for an easy way to innovate your school, we're here to help."
Furniture,Learning Environment Decor,2126622,Inventionland Tiki Tech Bar Mini Starter Kit Level 1,1,"$3,568.46",https://schoolspecialty.com/furniture/learning-environment-decor/inventionland-tiki-tech-bar-mini-starter-kit-level-1-2126622,"https://www.schoolspecialty.com/images/aprimo/a39ae369-024d-4516-8e25-b0f0015d014b/2126622_A_JPG%20Output.jpg?width=250&height=250&fit=bounds&canvas=250,250&bg-color=ffffff","Innovation Labs® Starter Kits are an excellent way to remodel existing spaces and new school spaces. These kits contain everything you need to turn a normal classroom, or library, or hallway into an environment that will attract learners and teachers alike. If you're looking for an easy way to innovate your school, we're here to help."
Furniture,Learning Environment Decor,2126609,Inventionland Storybook Forest Mini Starter Kit Level 1,1,"$2,993.96",https://schoolspecialty.com/furniture/learning-environment-decor/inventionland-storybook-forest-mini-starter-kit-level-1-2126609,"https://www.schoolspecialty.com/images/aprimo/2f739630-7834-4bdd-b5a9-b0f100849d4f/2126609_A_JPG%20Output.jpg?width=250&height=250&fit=bounds&canvas=250,250&bg-color=ffffff","Innovation Labs® Starter Kits are an excellent way to remodel existing spaces and new school spaces. These kits contain everything you need to turn a normal classroom, or library, or hallway into an environment that will attract learners and teachers alike. If you're looking for an easy way to innovate your school, we're here to help."
Furniture,Learning Environment Decor,2126614,Inventionland Tiki Tech Bar Deluxe Starter Kit For One Innovation Lab Level 1,1,"$8,786.96",https://schoolspecialty.com/furniture/learning-environment-decor/inventionland-tiki-tech-bar-deluxe-starter-kit-for-one-innovation-lab-level-1-2126614,"https://www.schoolspecialty.com/images/aprimo/c5d29ea0-e6fe-4189-a79a-b0f1001cb3e4/2126614_A_JPG%20Output.jpg?width=250&height=250&fit=bounds&canvas=250,250&bg-color=ffffff","Innovation Labs® Starter Kits are an excellent way to remodel existing spaces and new school spaces. These kits contain everything you need to turn a normal classroom, or library, or hallway into an environment that will attract learners and teachers alike. If you're looking for an easy way to innovate your school, we're here to help."
Furniture,Learning Environment Decor,2126615,Inventionland Short Island Palm Tree,1,"$1,917.71",https://schoolspecialty.com/furniture/learning-environment-decor/inventionland-short-island-palm-tree-2126615,"https://www.schoolspecialty.com/images/aprimo/da4d11db-508a-4604-be65-b0f0017a967d/2126615_A_JPG%20Output.jpg?width=250&height=250&fit=bounds&canvas=250,250&bg-color=ffffff","If you go with the Inventionland Discovery™ Pirate Ship theme, then you will want to have some of these island palms in your space. They come in two different heights and add a special character to your space."
Furniture,Learning Environment Decor,2126616,Inventionland Storybook Forest Mini Starter Kit Level 2,1,"$4,022.21",https://schoolspecialty.com/furniture/learning-environment-decor/inventionland-storybook-forest-mini-starter-kit-level-2-2126616,"https://www.schoolspecialty.com/images/aprimo/ac20943c-1bb3-4b36-85f1-b0f1009d8940/2126616_A_JPG%20Output.jpg?width=250&height=250&fit=bounds&canvas=250,250&bg-color=ffffff","Innovation Labs® Starter Kits are an excellent way to remodel existing spaces and new school spaces. These kits contain everything you need to turn a normal classroom, or library, or hallway into an environment that will attract learners and teachers alike. If you're looking for an easy way to innovate your school, we're here to help."
Furniture,Learning Environment Decor,2126617,Inventionland Storybook Forest Deluxe Starter Kit For One Innovation Lab Level 1,1,"$13,990.46",https://schoolspecialty.com/furniture/learning-environment-decor/inventionland-storybook-forest-deluxe-starter-kit-for-one-innovation-lab-level-1-2126617,"https://www.schoolspecialty.com/images/aprimo/5f9df857-0a19-4753-b9a2-b0f1005240f0/2126617_A_JPG%20Output.jpg?width=250&height=250&fit=bounds&canvas=250,250&bg-color=ffffff","Innovation Labs® Starter Kits are an excellent way to remodel existing spaces and new school spaces. These kits contain everything you need to turn a normal classroom, or library, or hallway into an environment that will attract learners and teachers alike. If you're looking for an easy way to innovate your school, we're here to help."
Furniture,Learning Environment Decor,2126618,Inventionland Tiki Tech Bar Deluxe Starter Kit For One Innovation Lab Level 3,1,"$23,252.21",https://schoolspecialty.com/furniture/learning-environment-decor/inventionland-tiki-tech-bar-deluxe-starter-kit-for-one-innovation-lab-level-3-2126618,"https://www.schoolspecialty.com/images/aprimo/2470975d-9b9f-4f52-88e9-b0f1009fd2a0/2126618_A_JPG%20Output.jpg?width=250&height=250&fit=bounds&canvas=250,250&bg-color=ffffff","Innovation Labs® Starter Kits are an excellent way to remodel existing spaces and new school spaces. These kits contain everything you need to turn a normal classroom, or library, or hallway into an environment that will attract learners and teachers alike. If you're looking for an easy way to innovate your school, we're here to help."
Furniture,Learning Environment Decor,2126619,Inventionland Tiki Tech Bar Mini Starter Kit Level 3,1,"$7,136.21",https://schoolspecialty.com/furniture/learning-environment-decor/inventionland-tiki-tech-bar-mini-starter-kit-level-3-2126619,"https://www.schoolspecialty.com/images/aprimo/41386971-a434-4a5b-83c2-b0f100644af4/2126619_A_JPG%20Output.jpg?width=250&height=250&fit=bounds&canvas=250,250&bg-color=ffffff","Innovation Labs® Starter Kits are an excellent way to remodel existing spaces and new school spaces. These kits contain everything you need to turn a normal classroom, or library, or hallway into an environment that will attract learners and teachers alike. If you're looking for an easy way to innovate your school, we're here to help."
Furniture,Learning Environment Decor,2126620,Inventionland Storybook Forest Mini Starter Kit Level 3,1,"$5,939.96",https://schoolspecialty.com/furniture/learning-environment-decor/inventionland-storybook-forest-mini-starter-kit-level-3-2126620,"https://www.schoolspecialty.com/images/aprimo/9838d833-adc6-4b48-bb7c-b0f0013ae07c/2126620_A_JPG%20Output.jpg?width=250&height=250&fit=bounds&canvas=250,250&bg-color=ffffff","Innovation Labs® Starter Kits are an excellent way to remodel existing spaces and new school spaces. These kits contain everything you need to turn a normal classroom, or library, or hallway into an environment that will attract learners and teachers alike. If you're looking for an easy way to innovate your school, we're here to help."
Furniture,Learning Environment Decor,2126621,Inventionland Robot Tech Bar Mini Starter Kit Level 1,1,"$5,405.96",https://schoolspecialty.com/furniture/learning-environment-decor/inventionland-robot-tech-bar-mini-starter-kit-level-1-2126621,"https://www.schoolspecialty.com/images/aprimo/f8168c81-4336-416c-8898-b0f1001ec3bc/2126621_A_JPG%20Output.jpg?width=250&height=250&fit=bounds&canvas=250,250&bg-color=ffffff","Innovation Labs® Starter Kits are an excellent way to remodel existing spaces and new school spaces. These kits contain everything you need to turn a normal classroom, or library, or hallway into an environment that will attract learners and teachers alike. If you're looking for an easy way to innovate your school, we're here to help."
Furniture,Learning Environment Decor,2126622,Inventionland Tiki Tech Bar Mini Starter Kit Level 1,1,"$3,568.46",https://schoolspecialty.com/furniture/learning-environment-decor/inventionland-tiki-tech-bar-mini-starter-kit-level-1-2126622,"https://www.schoolspecialty.com/images/aprimo/a39ae369-024d-4516-8e25-b0f0015d014b/2126622_A_JPG%20Output.jpg?width=250&height=250&fit=bounds&canvas=250,250&bg-color=ffffff","Innovation Labs® Starter Kits are an excellent way to remodel existing spaces and new school spaces. These kits contain everything you need to turn a normal classroom, or library, or hallway into an environment that will attract learners and teachers alike. If you're looking for an easy way to innovate your school, we're here to help."
