Nasco_product_category,Nasco_product_sub_category,Nasco_product_id,Nasco_product_name,Nasco_product_quantity,Nasco_product_price,Nasco_product_url,Nasco_image_url,Nasco_product_desc
Agricultural Education,Animal Science,SB09759,Nasco Individual Owl Pellets - Large,1,$ 4.25,https://www.nascoeducation.com/nasco-individual-owl-pellets-x0000sb09759.html,https://www.nascoeducation.com/media/catalog/product/cache/8228fb76d83ae0f0d16257873f90cbc0/s/b/sb09759-main_7unoce6jpjg9zl81.jpg,"Sterilized owl pellets wrapped in aluminum for students to investigate the diets of owls as birds of prey.Easy to dissect to expose skulls and other skeletal partsUndigested remains of animals provide bones, teeth, hair, or feathers as evidence of the prey animalsSold individuallySmall size also sold invidually (SB09759SM)Save when you buy bucket of 100 large pellets(SB42866)"
Agricultural Education,Animal Science,SB09759(SM),Nasco Individual Owl Pellets - Small,1,$ 2.55,https://www.nascoeducation.com/nasco-individual-owl-pellets-x0000sb09759.html,https://www.nascoeducation.com/media/catalog/product/cache/8228fb76d83ae0f0d16257873f90cbc0/s/b/sb09759sm-main_ktrm3kooe6ox5xvg.jpg,"Sterilized owl pellets wrapped in aluminum for students to investigate the diets of owls as birds of prey.Easy to dissect to expose skulls and other skeletal partsUndigested remains of animals provide bones, teeth, hair, or feathers as evidence of the prey animalsSold individuallySmall size also sold invidually (SB09759SM)Save when you buy bucket of 100 large pellets(SB42866)"
Agricultural Education,Animal Science,C33930,Canine Skin Parasites Model,1,$ 184.99,https://www.nascoeducation.com/canine-skin-parasites-model-c33930.html,https://www.nascoeducation.com/media/catalog/product/cache/465f3046c8658da626e76b96d8ed42e5/c/3/c33930-main_nvsvrhse0ogk29c9.jpg,"Grades 9-12.It’s common for a dog to become infected with an external parasite at some point in its lifetime. Parasites affect a dog in a variety of ways, ranging from simple irritation to life-threatening conditions if left untreated. Some parasites can even infect and transmit diseases to humans. This model shows in great detail the three most common external parasites - mite (4 in. x 2-1/4 in. x 2-1/2 in.), flea (4 in. x 1-1/2 in. x 3 in.), and tick (4 in. x 4 in. x 1-1/4 in.). Card size: 8-1/4 in. x 6-1/4 in. Base size: 10-5/8 in. x 6-1/4 in."
Agricultural Education,Animal Science,LF01016,Life/form® Canine IV Leg,1,$ 295,https://www.nascoeducation.com/life-form-canine-iv-leg-lf01016.html,https://www.nascoeducation.com/media/catalog/product/cache/465f3046c8658da626e76b96d8ed42e5/l/f/lf01016-main_kaoevh1am1jhrtij.jpg,"Nasco is proud to introduce the first fully functional canine IV leg trainer at an affordable price! The trainer represents the left foreleg of a medium-sized dog in the sternal recumbent position, and features two interchangeable sleeves - normal fur for routine blood draws, and a shaved area for IV catheter insertion. The replaceable vein system demonstrates actual blood flashback. Great for bandaging and restraint/assistance practice as well. The stable, self-supporting design lets students practice alone or as a team. Perfect for veterinary schools and vet tech programs. Includes a portable storage box with built-in IV pole, blood powder, syringe, IV catheter, and two fluid supply bags."
Agricultural Education,Animal Science,C33929,Canine Four-Stage Knee Model,1,$ 149.99,https://www.nascoeducation.com/canine-four-stage-knee-model-c33929.html,https://www.nascoeducation.com/media/catalog/product/cache/465f3046c8658da626e76b96d8ed42e5/c/3/c33929-main_e0va7jkatssiniqi.jpg,"Grades 9-12.Illustrate degenerative joint disease (osteoarthritis) with this set of four life-size models. The disease-free (normal) knee also includes additional important structures including ligaments, tendons, and patella. The progressive degeneration of the articular surfaces and the development of osteophytes (bone spurs) is demonstrated in the other three models. Model size: 2 in. x 3-1/2 in. x 7 in. Card size: 8-1/4 in. x 6-1/4 in."
Agricultural Education,Animal Science,C33928,Canine Pelvis/Hip Model,1,$ 149.99,https://www.nascoeducation.com/canine-pelvis-hip-model-c33928.html,https://www.nascoeducation.com/media/catalog/product/cache/465f3046c8658da626e76b96d8ed42e5/c/3/c33928-main_ozo45c1nbruibzsh.jpg,"Grades 9-12.Average-size dog pelvis that features both normal and osteoarthritic bone, body of ilium, greater trochanter, head in acetabulum, herniated disk, neck of femur, nerve, sacrum, and third trochanter. 7 in. x 5-1/2 in. x 11 in. Comes on a 5 in. x 6 in. x 1 in. gray, marbleized base with a 6-1/4 in. x 8-1/4 in. educational card."
Agricultural Education,Animal Science,C33925,Canine Five-Piece Vertebrae Model,1,$ 99.99,https://www.nascoeducation.com/canine-five-piece-vertebrae-model-c33925.html,https://www.nascoeducation.com/media/catalog/product/cache/465f3046c8658da626e76b96d8ed42e5/c/3/c33925-main_sotjnks82zqll4lb.jpg,"Grades 9-12.Vertebral column of average-size dog features five lumbar vertebrae and discs, caudal (tail) vertebrae, and sacrum. 8 in. x 2 in. x 2 in. Comes on a 5 in. x 6 in. x 1 in. gray, marbleized base with a 5-1/4 in. x 6-1/2 in. educational card."
Agricultural Education,Animal Science,C33923,Canine Shoulder Model,1,$ 119.99,https://www.nascoeducation.com/canine-shoulder-model-c33923.html,https://www.nascoeducation.com/media/catalog/product/cache/465f3046c8658da626e76b96d8ed42e5/c/3/c33923-main_xhbu6ftnahbgtns3.jpg,"Grades 9-12.Average-size dog shoulder with scapula, humerus, biceps brachii tendon, coracobrachialis tendon, lateral glenohumeral ligament, medial glenohumeral ligament, and transverse humeral ligament. 11-1/8 in. x 3 in. x 2 in. Comes on a 5 in. x 6 in. x 1 in. gray, marbleized base with a 8 in. x 5 in. educational card."
Agricultural Education,Animal Science,C33922,Canine Elbow Model,1,$ 119.99,https://www.nascoeducation.com/canine-elbow-model-c33922.html,https://www.nascoeducation.com/media/catalog/product/cache/465f3046c8658da626e76b96d8ed42e5/c/3/c33922-main_oxdn3m3yeynumx39.jpg,"Grades 9-12.Healthy left elbow of average-size dog includes humerus, radius, ulna bones, and six ligaments. 9-1/2 in. x 1-3/4 in. x 7-1/2 in. Comes on a 5 in. x 6 in. x 1 in. gray, marbleized base with a 8-1/4 in. x 6-1/4 in. educational card."
Agricultural Education,Animal Science,C35661,Dog Skeleton Model,1,$ 127.5,https://www.nascoeducation.com/dog-skeleton-model-c35661.html,https://www.nascoeducation.com/media/catalog/product/cache/465f3046c8658da626e76b96d8ed42e5/c/3/c35661-main_sof7fn7xlowhulzs.jpg,"Grades 9-12.Become acquainted with skeletal structure of a canine. Shows the entire skeleton of the common dog Bones can be divided into the axial skeleton and limb bones Axial skeleton is made of trunk bones and skulls Limb bones include forelimb and hind limb, which support its movement PVC with black base 23-5/8 in. x 7-7/8 in. x 11-13/16 in."
Agricultural Education,Animal Science,SB49146,4D Vision™ Cow Model,1,$ 35.99,https://www.nascoeducation.com/4d-vision-cow-model-sb49146.html,https://www.nascoeducation.com/media/catalog/product/cache/465f3046c8658da626e76b96d8ed42e5/s/b/sb49146-main_juti9bd4j1tiwscb.jpg,Grades 3-12.Gain a better understanding of the makeup and structure of the cow by assembling this model and examining the finished work. Model features superbly detailed parts and a transparent outside for viewing internal structures. Contains 28 detachable parts. Includes display stand and instruction guide. 6-1/2 in. WARNING: Choking Hazard. Small Parts. Not for children under 3 yrs.
Agricultural Education,Animal Science,SB09759,Nasco Individual Owl Pellets - Large,1,$ 4.25,https://www.nascoeducation.com/nasco-individual-owl-pellets-x0000sb09759.html,https://www.nascoeducation.com/media/catalog/product/cache/8228fb76d83ae0f0d16257873f90cbc0/s/b/sb09759-main_7unoce6jpjg9zl81.jpg,"Sterilized owl pellets wrapped in aluminum for students to investigate the diets of owls as birds of prey.Easy to dissect to expose skulls and other skeletal partsUndigested remains of animals provide bones, teeth, hair, or feathers as evidence of the prey animalsSold individuallySmall size also sold invidually (SB09759SM)Save when you buy bucket of 100 large pellets(SB42866)"
Agricultural Education,Animal Science,SB09759(SM),Nasco Individual Owl Pellets - Small,1,$ 2.55,https://www.nascoeducation.com/nasco-individual-owl-pellets-x0000sb09759.html,https://www.nascoeducation.com/media/catalog/product/cache/8228fb76d83ae0f0d16257873f90cbc0/s/b/sb09759sm-main_ktrm3kooe6ox5xvg.jpg,"Sterilized owl pellets wrapped in aluminum for students to investigate the diets of owls as birds of prey.Easy to dissect to expose skulls and other skeletal partsUndigested remains of animals provide bones, teeth, hair, or feathers as evidence of the prey animalsSold individuallySmall size also sold invidually (SB09759SM)Save when you buy bucket of 100 large pellets(SB42866)"
Agricultural Education,Animal Science,C33930,Canine Skin Parasites Model,1,$ 184.99,https://www.nascoeducation.com/canine-skin-parasites-model-c33930.html,https://www.nascoeducation.com/media/catalog/product/cache/465f3046c8658da626e76b96d8ed42e5/c/3/c33930-main_nvsvrhse0ogk29c9.jpg,"Grades 9-12.It’s common for a dog to become infected with an external parasite at some point in its lifetime. Parasites affect a dog in a variety of ways, ranging from simple irritation to life-threatening conditions if left untreated. Some parasites can even infect and transmit diseases to humans. This model shows in great detail the three most common external parasites - mite (4 in. x 2-1/4 in. x 2-1/2 in.), flea (4 in. x 1-1/2 in. x 3 in.), and tick (4 in. x 4 in. x 1-1/4 in.). Card size: 8-1/4 in. x 6-1/4 in. Base size: 10-5/8 in. x 6-1/4 in."
Agricultural Education,Animal Science,LF01016,Life/form® Canine IV Leg,1,$ 295,https://www.nascoeducation.com/life-form-canine-iv-leg-lf01016.html,https://www.nascoeducation.com/media/catalog/product/cache/465f3046c8658da626e76b96d8ed42e5/l/f/lf01016-main_kaoevh1am1jhrtij.jpg,"Nasco is proud to introduce the first fully functional canine IV leg trainer at an affordable price! The trainer represents the left foreleg of a medium-sized dog in the sternal recumbent position, and features two interchangeable sleeves - normal fur for routine blood draws, and a shaved area for IV catheter insertion. The replaceable vein system demonstrates actual blood flashback. Great for bandaging and restraint/assistance practice as well. The stable, self-supporting design lets students practice alone or as a team. Perfect for veterinary schools and vet tech programs. Includes a portable storage box with built-in IV pole, blood powder, syringe, IV catheter, and two fluid supply bags."
Agricultural Education,Animal Science,C33929,Canine Four-Stage Knee Model,1,$ 149.99,https://www.nascoeducation.com/canine-four-stage-knee-model-c33929.html,https://www.nascoeducation.com/media/catalog/product/cache/465f3046c8658da626e76b96d8ed42e5/c/3/c33929-main_e0va7jkatssiniqi.jpg,"Grades 9-12.Illustrate degenerative joint disease (osteoarthritis) with this set of four life-size models. The disease-free (normal) knee also includes additional important structures including ligaments, tendons, and patella. The progressive degeneration of the articular surfaces and the development of osteophytes (bone spurs) is demonstrated in the other three models. Model size: 2 in. x 3-1/2 in. x 7 in. Card size: 8-1/4 in. x 6-1/4 in."
Agricultural Education,Animal Science,C33928,Canine Pelvis/Hip Model,1,$ 149.99,https://www.nascoeducation.com/canine-pelvis-hip-model-c33928.html,https://www.nascoeducation.com/media/catalog/product/cache/465f3046c8658da626e76b96d8ed42e5/c/3/c33928-main_ozo45c1nbruibzsh.jpg,"Grades 9-12.Average-size dog pelvis that features both normal and osteoarthritic bone, body of ilium, greater trochanter, head in acetabulum, herniated disk, neck of femur, nerve, sacrum, and third trochanter. 7 in. x 5-1/2 in. x 11 in. Comes on a 5 in. x 6 in. x 1 in. gray, marbleized base with a 6-1/4 in. x 8-1/4 in. educational card."
Agricultural Education,Animal Science,C33925,Canine Five-Piece Vertebrae Model,1,$ 99.99,https://www.nascoeducation.com/canine-five-piece-vertebrae-model-c33925.html,https://www.nascoeducation.com/media/catalog/product/cache/465f3046c8658da626e76b96d8ed42e5/c/3/c33925-main_sotjnks82zqll4lb.jpg,"Grades 9-12.Vertebral column of average-size dog features five lumbar vertebrae and discs, caudal (tail) vertebrae, and sacrum. 8 in. x 2 in. x 2 in. Comes on a 5 in. x 6 in. x 1 in. gray, marbleized base with a 5-1/4 in. x 6-1/2 in. educational card."
Agricultural Education,Animal Science,C33923,Canine Shoulder Model,1,$ 119.99,https://www.nascoeducation.com/canine-shoulder-model-c33923.html,https://www.nascoeducation.com/media/catalog/product/cache/465f3046c8658da626e76b96d8ed42e5/c/3/c33923-main_xhbu6ftnahbgtns3.jpg,"Grades 9-12.Average-size dog shoulder with scapula, humerus, biceps brachii tendon, coracobrachialis tendon, lateral glenohumeral ligament, medial glenohumeral ligament, and transverse humeral ligament. 11-1/8 in. x 3 in. x 2 in. Comes on a 5 in. x 6 in. x 1 in. gray, marbleized base with a 8 in. x 5 in. educational card."
Agricultural Education,Animal Science,C33922,Canine Elbow Model,1,$ 119.99,https://www.nascoeducation.com/canine-elbow-model-c33922.html,https://www.nascoeducation.com/media/catalog/product/cache/465f3046c8658da626e76b96d8ed42e5/c/3/c33922-main_oxdn3m3yeynumx39.jpg,"Grades 9-12.Healthy left elbow of average-size dog includes humerus, radius, ulna bones, and six ligaments. 9-1/2 in. x 1-3/4 in. x 7-1/2 in. Comes on a 5 in. x 6 in. x 1 in. gray, marbleized base with a 8-1/4 in. x 6-1/4 in. educational card."
Agricultural Education,Animal Science,C35661,Dog Skeleton Model,1,$ 127.5,https://www.nascoeducation.com/dog-skeleton-model-c35661.html,https://www.nascoeducation.com/media/catalog/product/cache/465f3046c8658da626e76b96d8ed42e5/c/3/c35661-main_sof7fn7xlowhulzs.jpg,"Grades 9-12.Become acquainted with skeletal structure of a canine. Shows the entire skeleton of the common dog Bones can be divided into the axial skeleton and limb bones Axial skeleton is made of trunk bones and skulls Limb bones include forelimb and hind limb, which support its movement PVC with black base 23-5/8 in. x 7-7/8 in. x 11-13/16 in."
Agricultural Education,Animal Science,SB49146,4D Vision™ Cow Model,1,$ 35.99,https://www.nascoeducation.com/4d-vision-cow-model-sb49146.html,https://www.nascoeducation.com/media/catalog/product/cache/465f3046c8658da626e76b96d8ed42e5/s/b/sb49146-main_juti9bd4j1tiwscb.jpg,Grades 3-12.Gain a better understanding of the makeup and structure of the cow by assembling this model and examining the finished work. Model features superbly detailed parts and a transparent outside for viewing internal structures. Contains 28 detachable parts. Includes display stand and instruction guide. 6-1/2 in. WARNING: Choking Hazard. Small Parts. Not for children under 3 yrs.
Agricultural Education,Animal Science,SB09759,Nasco Individual Owl Pellets - Large,1,$ 4.25,https://www.nascoeducation.com/nasco-individual-owl-pellets-x0000sb09759.html,https://www.nascoeducation.com/media/catalog/product/cache/8228fb76d83ae0f0d16257873f90cbc0/s/b/sb09759-main_7unoce6jpjg9zl81.jpg,"Sterilized owl pellets wrapped in aluminum for students to investigate the diets of owls as birds of prey.Easy to dissect to expose skulls and other skeletal partsUndigested remains of animals provide bones, teeth, hair, or feathers as evidence of the prey animalsSold individuallySmall size also sold invidually (SB09759SM)Save when you buy bucket of 100 large pellets(SB42866)"
Agricultural Education,Animal Science,SB09759(SM),Nasco Individual Owl Pellets - Small,1,$ 2.55,https://www.nascoeducation.com/nasco-individual-owl-pellets-x0000sb09759.html,https://www.nascoeducation.com/media/catalog/product/cache/8228fb76d83ae0f0d16257873f90cbc0/s/b/sb09759sm-main_ktrm3kooe6ox5xvg.jpg,"Sterilized owl pellets wrapped in aluminum for students to investigate the diets of owls as birds of prey.Easy to dissect to expose skulls and other skeletal partsUndigested remains of animals provide bones, teeth, hair, or feathers as evidence of the prey animalsSold individuallySmall size also sold invidually (SB09759SM)Save when you buy bucket of 100 large pellets(SB42866)"
Agricultural Education,Animal Science,C33930,Canine Skin Parasites Model,1,$ 184.99,https://www.nascoeducation.com/canine-skin-parasites-model-c33930.html,https://www.nascoeducation.com/media/catalog/product/cache/465f3046c8658da626e76b96d8ed42e5/c/3/c33930-main_nvsvrhse0ogk29c9.jpg,"Grades 9-12.It’s common for a dog to become infected with an external parasite at some point in its lifetime. Parasites affect a dog in a variety of ways, ranging from simple irritation to life-threatening conditions if left untreated. Some parasites can even infect and transmit diseases to humans. This model shows in great detail the three most common external parasites - mite (4 in. x 2-1/4 in. x 2-1/2 in.), flea (4 in. x 1-1/2 in. x 3 in.), and tick (4 in. x 4 in. x 1-1/4 in.). Card size: 8-1/4 in. x 6-1/4 in. Base size: 10-5/8 in. x 6-1/4 in."
Agricultural Education,Animal Science,LF01016,Life/form® Canine IV Leg,1,$ 295,https://www.nascoeducation.com/life-form-canine-iv-leg-lf01016.html,https://www.nascoeducation.com/media/catalog/product/cache/465f3046c8658da626e76b96d8ed42e5/l/f/lf01016-main_kaoevh1am1jhrtij.jpg,"Nasco is proud to introduce the first fully functional canine IV leg trainer at an affordable price! The trainer represents the left foreleg of a medium-sized dog in the sternal recumbent position, and features two interchangeable sleeves - normal fur for routine blood draws, and a shaved area for IV catheter insertion. The replaceable vein system demonstrates actual blood flashback. Great for bandaging and restraint/assistance practice as well. The stable, self-supporting design lets students practice alone or as a team. Perfect for veterinary schools and vet tech programs. Includes a portable storage box with built-in IV pole, blood powder, syringe, IV catheter, and two fluid supply bags."
Agricultural Education,Animal Science,C33929,Canine Four-Stage Knee Model,1,$ 149.99,https://www.nascoeducation.com/canine-four-stage-knee-model-c33929.html,https://www.nascoeducation.com/media/catalog/product/cache/465f3046c8658da626e76b96d8ed42e5/c/3/c33929-main_e0va7jkatssiniqi.jpg,"Grades 9-12.Illustrate degenerative joint disease (osteoarthritis) with this set of four life-size models. The disease-free (normal) knee also includes additional important structures including ligaments, tendons, and patella. The progressive degeneration of the articular surfaces and the development of osteophytes (bone spurs) is demonstrated in the other three models. Model size: 2 in. x 3-1/2 in. x 7 in. Card size: 8-1/4 in. x 6-1/4 in."
Agricultural Education,Animal Science,C33928,Canine Pelvis/Hip Model,1,$ 149.99,https://www.nascoeducation.com/canine-pelvis-hip-model-c33928.html,https://www.nascoeducation.com/media/catalog/product/cache/465f3046c8658da626e76b96d8ed42e5/c/3/c33928-main_ozo45c1nbruibzsh.jpg,"Grades 9-12.Average-size dog pelvis that features both normal and osteoarthritic bone, body of ilium, greater trochanter, head in acetabulum, herniated disk, neck of femur, nerve, sacrum, and third trochanter. 7 in. x 5-1/2 in. x 11 in. Comes on a 5 in. x 6 in. x 1 in. gray, marbleized base with a 6-1/4 in. x 8-1/4 in. educational card."
Agricultural Education,Animal Science,C33925,Canine Five-Piece Vertebrae Model,1,$ 99.99,https://www.nascoeducation.com/canine-five-piece-vertebrae-model-c33925.html,https://www.nascoeducation.com/media/catalog/product/cache/465f3046c8658da626e76b96d8ed42e5/c/3/c33925-main_sotjnks82zqll4lb.jpg,"Grades 9-12.Vertebral column of average-size dog features five lumbar vertebrae and discs, caudal (tail) vertebrae, and sacrum. 8 in. x 2 in. x 2 in. Comes on a 5 in. x 6 in. x 1 in. gray, marbleized base with a 5-1/4 in. x 6-1/2 in. educational card."
Agricultural Education,Animal Science,C33923,Canine Shoulder Model,1,$ 119.99,https://www.nascoeducation.com/canine-shoulder-model-c33923.html,https://www.nascoeducation.com/media/catalog/product/cache/465f3046c8658da626e76b96d8ed42e5/c/3/c33923-main_xhbu6ftnahbgtns3.jpg,"Grades 9-12.Average-size dog shoulder with scapula, humerus, biceps brachii tendon, coracobrachialis tendon, lateral glenohumeral ligament, medial glenohumeral ligament, and transverse humeral ligament. 11-1/8 in. x 3 in. x 2 in. Comes on a 5 in. x 6 in. x 1 in. gray, marbleized base with a 8 in. x 5 in. educational card."
Agricultural Education,Animal Science,C33922,Canine Elbow Model,1,$ 119.99,https://www.nascoeducation.com/canine-elbow-model-c33922.html,https://www.nascoeducation.com/media/catalog/product/cache/465f3046c8658da626e76b96d8ed42e5/c/3/c33922-main_oxdn3m3yeynumx39.jpg,"Grades 9-12.Healthy left elbow of average-size dog includes humerus, radius, ulna bones, and six ligaments. 9-1/2 in. x 1-3/4 in. x 7-1/2 in. Comes on a 5 in. x 6 in. x 1 in. gray, marbleized base with a 8-1/4 in. x 6-1/4 in. educational card."
Agricultural Education,Animal Science,C35661,Dog Skeleton Model,1,$ 127.5,https://www.nascoeducation.com/dog-skeleton-model-c35661.html,https://www.nascoeducation.com/media/catalog/product/cache/465f3046c8658da626e76b96d8ed42e5/c/3/c35661-main_sof7fn7xlowhulzs.jpg,"Grades 9-12.Become acquainted with skeletal structure of a canine. Shows the entire skeleton of the common dog Bones can be divided into the axial skeleton and limb bones Axial skeleton is made of trunk bones and skulls Limb bones include forelimb and hind limb, which support its movement PVC with black base 23-5/8 in. x 7-7/8 in. x 11-13/16 in."
Agricultural Education,Animal Science,SB49146,4D Vision™ Cow Model,1,$ 35.99,https://www.nascoeducation.com/4d-vision-cow-model-sb49146.html,https://www.nascoeducation.com/media/catalog/product/cache/465f3046c8658da626e76b96d8ed42e5/s/b/sb49146-main_juti9bd4j1tiwscb.jpg,Grades 3-12.Gain a better understanding of the makeup and structure of the cow by assembling this model and examining the finished work. Model features superbly detailed parts and a transparent outside for viewing internal structures. Contains 28 detachable parts. Includes display stand and instruction guide. 6-1/2 in. WARNING: Choking Hazard. Small Parts. Not for children under 3 yrs.
Agricultural Education,Animal Science,SB09759,Nasco Individual Owl Pellets - Large,1,$ 4.25,https://www.nascoeducation.com/nasco-individual-owl-pellets-x0000sb09759.html,https://www.nascoeducation.com/media/catalog/product/cache/8228fb76d83ae0f0d16257873f90cbc0/s/b/sb09759-main_7unoce6jpjg9zl81.jpg,"Sterilized owl pellets wrapped in aluminum for students to investigate the diets of owls as birds of prey.Easy to dissect to expose skulls and other skeletal partsUndigested remains of animals provide bones, teeth, hair, or feathers as evidence of the prey animalsSold individuallySmall size also sold invidually (SB09759SM)Save when you buy bucket of 100 large pellets(SB42866)"
Agricultural Education,Animal Science,SB09759(SM),Nasco Individual Owl Pellets - Small,1,$ 2.55,https://www.nascoeducation.com/nasco-individual-owl-pellets-x0000sb09759.html,https://www.nascoeducation.com/media/catalog/product/cache/8228fb76d83ae0f0d16257873f90cbc0/s/b/sb09759sm-main_ktrm3kooe6ox5xvg.jpg,"Sterilized owl pellets wrapped in aluminum for students to investigate the diets of owls as birds of prey.Easy to dissect to expose skulls and other skeletal partsUndigested remains of animals provide bones, teeth, hair, or feathers as evidence of the prey animalsSold individuallySmall size also sold invidually (SB09759SM)Save when you buy bucket of 100 large pellets(SB42866)"
Agricultural Education,Animal Science,C33930,Canine Skin Parasites Model,1,$ 184.99,https://www.nascoeducation.com/canine-skin-parasites-model-c33930.html,https://www.nascoeducation.com/media/catalog/product/cache/465f3046c8658da626e76b96d8ed42e5/c/3/c33930-main_nvsvrhse0ogk29c9.jpg,"Grades 9-12.It’s common for a dog to become infected with an external parasite at some point in its lifetime. Parasites affect a dog in a variety of ways, ranging from simple irritation to life-threatening conditions if left untreated. Some parasites can even infect and transmit diseases to humans. This model shows in great detail the three most common external parasites - mite (4 in. x 2-1/4 in. x 2-1/2 in.), flea (4 in. x 1-1/2 in. x 3 in.), and tick (4 in. x 4 in. x 1-1/4 in.). Card size: 8-1/4 in. x 6-1/4 in. Base size: 10-5/8 in. x 6-1/4 in."
Agricultural Education,Animal Science,LF01016,Life/form® Canine IV Leg,1,$ 295,https://www.nascoeducation.com/life-form-canine-iv-leg-lf01016.html,https://www.nascoeducation.com/media/catalog/product/cache/465f3046c8658da626e76b96d8ed42e5/l/f/lf01016-main_kaoevh1am1jhrtij.jpg,"Nasco is proud to introduce the first fully functional canine IV leg trainer at an affordable price! The trainer represents the left foreleg of a medium-sized dog in the sternal recumbent position, and features two interchangeable sleeves - normal fur for routine blood draws, and a shaved area for IV catheter insertion. The replaceable vein system demonstrates actual blood flashback. Great for bandaging and restraint/assistance practice as well. The stable, self-supporting design lets students practice alone or as a team. Perfect for veterinary schools and vet tech programs. Includes a portable storage box with built-in IV pole, blood powder, syringe, IV catheter, and two fluid supply bags."
Agricultural Education,Animal Science,C33929,Canine Four-Stage Knee Model,1,$ 149.99,https://www.nascoeducation.com/canine-four-stage-knee-model-c33929.html,https://www.nascoeducation.com/media/catalog/product/cache/465f3046c8658da626e76b96d8ed42e5/c/3/c33929-main_e0va7jkatssiniqi.jpg,"Grades 9-12.Illustrate degenerative joint disease (osteoarthritis) with this set of four life-size models. The disease-free (normal) knee also includes additional important structures including ligaments, tendons, and patella. The progressive degeneration of the articular surfaces and the development of osteophytes (bone spurs) is demonstrated in the other three models. Model size: 2 in. x 3-1/2 in. x 7 in. Card size: 8-1/4 in. x 6-1/4 in."
Agricultural Education,Animal Science,C33928,Canine Pelvis/Hip Model,1,$ 149.99,https://www.nascoeducation.com/canine-pelvis-hip-model-c33928.html,https://www.nascoeducation.com/media/catalog/product/cache/465f3046c8658da626e76b96d8ed42e5/c/3/c33928-main_ozo45c1nbruibzsh.jpg,"Grades 9-12.Average-size dog pelvis that features both normal and osteoarthritic bone, body of ilium, greater trochanter, head in acetabulum, herniated disk, neck of femur, nerve, sacrum, and third trochanter. 7 in. x 5-1/2 in. x 11 in. Comes on a 5 in. x 6 in. x 1 in. gray, marbleized base with a 6-1/4 in. x 8-1/4 in. educational card."
Agricultural Education,Animal Science,C33925,Canine Five-Piece Vertebrae Model,1,$ 99.99,https://www.nascoeducation.com/canine-five-piece-vertebrae-model-c33925.html,https://www.nascoeducation.com/media/catalog/product/cache/465f3046c8658da626e76b96d8ed42e5/c/3/c33925-main_sotjnks82zqll4lb.jpg,"Grades 9-12.Vertebral column of average-size dog features five lumbar vertebrae and discs, caudal (tail) vertebrae, and sacrum. 8 in. x 2 in. x 2 in. Comes on a 5 in. x 6 in. x 1 in. gray, marbleized base with a 5-1/4 in. x 6-1/2 in. educational card."
Agricultural Education,Animal Science,C33923,Canine Shoulder Model,1,$ 119.99,https://www.nascoeducation.com/canine-shoulder-model-c33923.html,https://www.nascoeducation.com/media/catalog/product/cache/465f3046c8658da626e76b96d8ed42e5/c/3/c33923-main_xhbu6ftnahbgtns3.jpg,"Grades 9-12.Average-size dog shoulder with scapula, humerus, biceps brachii tendon, coracobrachialis tendon, lateral glenohumeral ligament, medial glenohumeral ligament, and transverse humeral ligament. 11-1/8 in. x 3 in. x 2 in. Comes on a 5 in. x 6 in. x 1 in. gray, marbleized base with a 8 in. x 5 in. educational card."
Agricultural Education,Animal Science,C33922,Canine Elbow Model,1,$ 119.99,https://www.nascoeducation.com/canine-elbow-model-c33922.html,https://www.nascoeducation.com/media/catalog/product/cache/465f3046c8658da626e76b96d8ed42e5/c/3/c33922-main_oxdn3m3yeynumx39.jpg,"Grades 9-12.Healthy left elbow of average-size dog includes humerus, radius, ulna bones, and six ligaments. 9-1/2 in. x 1-3/4 in. x 7-1/2 in. Comes on a 5 in. x 6 in. x 1 in. gray, marbleized base with a 8-1/4 in. x 6-1/4 in. educational card."
Agricultural Education,Animal Science,C35661,Dog Skeleton Model,1,$ 127.5,https://www.nascoeducation.com/dog-skeleton-model-c35661.html,https://www.nascoeducation.com/media/catalog/product/cache/465f3046c8658da626e76b96d8ed42e5/c/3/c35661-main_sof7fn7xlowhulzs.jpg,"Grades 9-12.Become acquainted with skeletal structure of a canine. Shows the entire skeleton of the common dog Bones can be divided into the axial skeleton and limb bones Axial skeleton is made of trunk bones and skulls Limb bones include forelimb and hind limb, which support its movement PVC with black base 23-5/8 in. x 7-7/8 in. x 11-13/16 in."
Agricultural Education,Animal Science,SB49146,4D Vision™ Cow Model,1,$ 35.99,https://www.nascoeducation.com/4d-vision-cow-model-sb49146.html,https://www.nascoeducation.com/media/catalog/product/cache/465f3046c8658da626e76b96d8ed42e5/s/b/sb49146-main_juti9bd4j1tiwscb.jpg,Grades 3-12.Gain a better understanding of the makeup and structure of the cow by assembling this model and examining the finished work. Model features superbly detailed parts and a transparent outside for viewing internal structures. Contains 28 detachable parts. Includes display stand and instruction guide. 6-1/2 in. WARNING: Choking Hazard. Small Parts. Not for children under 3 yrs.
Agricultural Education,Animal Science,SB09759,Nasco Individual Owl Pellets - Large,1,$ 4.25,https://www.nascoeducation.com/nasco-individual-owl-pellets-x0000sb09759.html,https://www.nascoeducation.com/media/catalog/product/cache/8228fb76d83ae0f0d16257873f90cbc0/s/b/sb09759-main_7unoce6jpjg9zl81.jpg,"Sterilized owl pellets wrapped in aluminum for students to investigate the diets of owls as birds of prey.Easy to dissect to expose skulls and other skeletal partsUndigested remains of animals provide bones, teeth, hair, or feathers as evidence of the prey animalsSold individuallySmall size also sold invidually (SB09759SM)Save when you buy bucket of 100 large pellets(SB42866)"
Agricultural Education,Animal Science,SB09759(SM),Nasco Individual Owl Pellets - Small,1,$ 2.55,https://www.nascoeducation.com/nasco-individual-owl-pellets-x0000sb09759.html,https://www.nascoeducation.com/media/catalog/product/cache/8228fb76d83ae0f0d16257873f90cbc0/s/b/sb09759sm-main_ktrm3kooe6ox5xvg.jpg,"Sterilized owl pellets wrapped in aluminum for students to investigate the diets of owls as birds of prey.Easy to dissect to expose skulls and other skeletal partsUndigested remains of animals provide bones, teeth, hair, or feathers as evidence of the prey animalsSold individuallySmall size also sold invidually (SB09759SM)Save when you buy bucket of 100 large pellets(SB42866)"
Agricultural Education,Animal Science,C33930,Canine Skin Parasites Model,1,$ 184.99,https://www.nascoeducation.com/canine-skin-parasites-model-c33930.html,https://www.nascoeducation.com/media/catalog/product/cache/465f3046c8658da626e76b96d8ed42e5/c/3/c33930-main_nvsvrhse0ogk29c9.jpg,"Grades 9-12.It’s common for a dog to become infected with an external parasite at some point in its lifetime. Parasites affect a dog in a variety of ways, ranging from simple irritation to life-threatening conditions if left untreated. Some parasites can even infect and transmit diseases to humans. This model shows in great detail the three most common external parasites - mite (4 in. x 2-1/4 in. x 2-1/2 in.), flea (4 in. x 1-1/2 in. x 3 in.), and tick (4 in. x 4 in. x 1-1/4 in.). Card size: 8-1/4 in. x 6-1/4 in. Base size: 10-5/8 in. x 6-1/4 in."
Agricultural Education,Animal Science,LF01016,Life/form® Canine IV Leg,1,$ 295,https://www.nascoeducation.com/life-form-canine-iv-leg-lf01016.html,https://www.nascoeducation.com/media/catalog/product/cache/465f3046c8658da626e76b96d8ed42e5/l/f/lf01016-main_kaoevh1am1jhrtij.jpg,"Nasco is proud to introduce the first fully functional canine IV leg trainer at an affordable price! The trainer represents the left foreleg of a medium-sized dog in the sternal recumbent position, and features two interchangeable sleeves - normal fur for routine blood draws, and a shaved area for IV catheter insertion. The replaceable vein system demonstrates actual blood flashback. Great for bandaging and restraint/assistance practice as well. The stable, self-supporting design lets students practice alone or as a team. Perfect for veterinary schools and vet tech programs. Includes a portable storage box with built-in IV pole, blood powder, syringe, IV catheter, and two fluid supply bags."
Agricultural Education,Animal Science,C33929,Canine Four-Stage Knee Model,1,$ 149.99,https://www.nascoeducation.com/canine-four-stage-knee-model-c33929.html,https://www.nascoeducation.com/media/catalog/product/cache/465f3046c8658da626e76b96d8ed42e5/c/3/c33929-main_e0va7jkatssiniqi.jpg,"Grades 9-12.Illustrate degenerative joint disease (osteoarthritis) with this set of four life-size models. The disease-free (normal) knee also includes additional important structures including ligaments, tendons, and patella. The progressive degeneration of the articular surfaces and the development of osteophytes (bone spurs) is demonstrated in the other three models. Model size: 2 in. x 3-1/2 in. x 7 in. Card size: 8-1/4 in. x 6-1/4 in."
Agricultural Education,Animal Science,C33928,Canine Pelvis/Hip Model,1,$ 149.99,https://www.nascoeducation.com/canine-pelvis-hip-model-c33928.html,https://www.nascoeducation.com/media/catalog/product/cache/465f3046c8658da626e76b96d8ed42e5/c/3/c33928-main_ozo45c1nbruibzsh.jpg,"Grades 9-12.Average-size dog pelvis that features both normal and osteoarthritic bone, body of ilium, greater trochanter, head in acetabulum, herniated disk, neck of femur, nerve, sacrum, and third trochanter. 7 in. x 5-1/2 in. x 11 in. Comes on a 5 in. x 6 in. x 1 in. gray, marbleized base with a 6-1/4 in. x 8-1/4 in. educational card."
Agricultural Education,Animal Science,C33925,Canine Five-Piece Vertebrae Model,1,$ 99.99,https://www.nascoeducation.com/canine-five-piece-vertebrae-model-c33925.html,https://www.nascoeducation.com/media/catalog/product/cache/465f3046c8658da626e76b96d8ed42e5/c/3/c33925-main_sotjnks82zqll4lb.jpg,"Grades 9-12.Vertebral column of average-size dog features five lumbar vertebrae and discs, caudal (tail) vertebrae, and sacrum. 8 in. x 2 in. x 2 in. Comes on a 5 in. x 6 in. x 1 in. gray, marbleized base with a 5-1/4 in. x 6-1/2 in. educational card."
Agricultural Education,Animal Science,C33923,Canine Shoulder Model,1,$ 119.99,https://www.nascoeducation.com/canine-shoulder-model-c33923.html,https://www.nascoeducation.com/media/catalog/product/cache/465f3046c8658da626e76b96d8ed42e5/c/3/c33923-main_xhbu6ftnahbgtns3.jpg,"Grades 9-12.Average-size dog shoulder with scapula, humerus, biceps brachii tendon, coracobrachialis tendon, lateral glenohumeral ligament, medial glenohumeral ligament, and transverse humeral ligament. 11-1/8 in. x 3 in. x 2 in. Comes on a 5 in. x 6 in. x 1 in. gray, marbleized base with a 8 in. x 5 in. educational card."
Agricultural Education,Animal Science,C33922,Canine Elbow Model,1,$ 119.99,https://www.nascoeducation.com/canine-elbow-model-c33922.html,https://www.nascoeducation.com/media/catalog/product/cache/465f3046c8658da626e76b96d8ed42e5/c/3/c33922-main_oxdn3m3yeynumx39.jpg,"Grades 9-12.Healthy left elbow of average-size dog includes humerus, radius, ulna bones, and six ligaments. 9-1/2 in. x 1-3/4 in. x 7-1/2 in. Comes on a 5 in. x 6 in. x 1 in. gray, marbleized base with a 8-1/4 in. x 6-1/4 in. educational card."
Agricultural Education,Animal Science,C35661,Dog Skeleton Model,1,$ 127.5,https://www.nascoeducation.com/dog-skeleton-model-c35661.html,https://www.nascoeducation.com/media/catalog/product/cache/465f3046c8658da626e76b96d8ed42e5/c/3/c35661-main_sof7fn7xlowhulzs.jpg,"Grades 9-12.Become acquainted with skeletal structure of a canine. Shows the entire skeleton of the common dog Bones can be divided into the axial skeleton and limb bones Axial skeleton is made of trunk bones and skulls Limb bones include forelimb and hind limb, which support its movement PVC with black base 23-5/8 in. x 7-7/8 in. x 11-13/16 in."
Agricultural Education,Animal Science,SB49146,4D Vision™ Cow Model,1,$ 35.99,https://www.nascoeducation.com/4d-vision-cow-model-sb49146.html,https://www.nascoeducation.com/media/catalog/product/cache/465f3046c8658da626e76b96d8ed42e5/s/b/sb49146-main_juti9bd4j1tiwscb.jpg,Grades 3-12.Gain a better understanding of the makeup and structure of the cow by assembling this model and examining the finished work. Model features superbly detailed parts and a transparent outside for viewing internal structures. Contains 28 detachable parts. Includes display stand and instruction guide. 6-1/2 in. WARNING: Choking Hazard. Small Parts. Not for children under 3 yrs.
Agricultural Education,Animal Science,SB09759,Nasco Individual Owl Pellets - Large,1,$ 4.25,https://www.nascoeducation.com/nasco-individual-owl-pellets-x0000sb09759.html,https://www.nascoeducation.com/media/catalog/product/cache/8228fb76d83ae0f0d16257873f90cbc0/s/b/sb09759-main_7unoce6jpjg9zl81.jpg,"Sterilized owl pellets wrapped in aluminum for students to investigate the diets of owls as birds of prey.Easy to dissect to expose skulls and other skeletal partsUndigested remains of animals provide bones, teeth, hair, or feathers as evidence of the prey animalsSold individuallySmall size also sold invidually (SB09759SM)Save when you buy bucket of 100 large pellets(SB42866)"
Agricultural Education,Animal Science,SB09759(SM),Nasco Individual Owl Pellets - Small,1,$ 2.55,https://www.nascoeducation.com/nasco-individual-owl-pellets-x0000sb09759.html,https://www.nascoeducation.com/media/catalog/product/cache/8228fb76d83ae0f0d16257873f90cbc0/s/b/sb09759sm-main_ktrm3kooe6ox5xvg.jpg,"Sterilized owl pellets wrapped in aluminum for students to investigate the diets of owls as birds of prey.Easy to dissect to expose skulls and other skeletal partsUndigested remains of animals provide bones, teeth, hair, or feathers as evidence of the prey animalsSold individuallySmall size also sold invidually (SB09759SM)Save when you buy bucket of 100 large pellets(SB42866)"
Agricultural Education,Animal Science,C33930,Canine Skin Parasites Model,1,$ 184.99,https://www.nascoeducation.com/canine-skin-parasites-model-c33930.html,https://www.nascoeducation.com/media/catalog/product/cache/465f3046c8658da626e76b96d8ed42e5/c/3/c33930-main_nvsvrhse0ogk29c9.jpg,"Grades 9-12.It’s common for a dog to become infected with an external parasite at some point in its lifetime. Parasites affect a dog in a variety of ways, ranging from simple irritation to life-threatening conditions if left untreated. Some parasites can even infect and transmit diseases to humans. This model shows in great detail the three most common external parasites - mite (4 in. x 2-1/4 in. x 2-1/2 in.), flea (4 in. x 1-1/2 in. x 3 in.), and tick (4 in. x 4 in. x 1-1/4 in.). Card size: 8-1/4 in. x 6-1/4 in. Base size: 10-5/8 in. x 6-1/4 in."
Agricultural Education,Animal Science,LF01016,Life/form® Canine IV Leg,1,$ 295,https://www.nascoeducation.com/life-form-canine-iv-leg-lf01016.html,https://www.nascoeducation.com/media/catalog/product/cache/465f3046c8658da626e76b96d8ed42e5/l/f/lf01016-main_kaoevh1am1jhrtij.jpg,"Nasco is proud to introduce the first fully functional canine IV leg trainer at an affordable price! The trainer represents the left foreleg of a medium-sized dog in the sternal recumbent position, and features two interchangeable sleeves - normal fur for routine blood draws, and a shaved area for IV catheter insertion. The replaceable vein system demonstrates actual blood flashback. Great for bandaging and restraint/assistance practice as well. The stable, self-supporting design lets students practice alone or as a team. Perfect for veterinary schools and vet tech programs. Includes a portable storage box with built-in IV pole, blood powder, syringe, IV catheter, and two fluid supply bags."
Agricultural Education,Animal Science,C33929,Canine Four-Stage Knee Model,1,$ 149.99,https://www.nascoeducation.com/canine-four-stage-knee-model-c33929.html,https://www.nascoeducation.com/media/catalog/product/cache/465f3046c8658da626e76b96d8ed42e5/c/3/c33929-main_e0va7jkatssiniqi.jpg,"Grades 9-12.Illustrate degenerative joint disease (osteoarthritis) with this set of four life-size models. The disease-free (normal) knee also includes additional important structures including ligaments, tendons, and patella. The progressive degeneration of the articular surfaces and the development of osteophytes (bone spurs) is demonstrated in the other three models. Model size: 2 in. x 3-1/2 in. x 7 in. Card size: 8-1/4 in. x 6-1/4 in."
Agricultural Education,Animal Science,C33928,Canine Pelvis/Hip Model,1,$ 149.99,https://www.nascoeducation.com/canine-pelvis-hip-model-c33928.html,https://www.nascoeducation.com/media/catalog/product/cache/465f3046c8658da626e76b96d8ed42e5/c/3/c33928-main_ozo45c1nbruibzsh.jpg,"Grades 9-12.Average-size dog pelvis that features both normal and osteoarthritic bone, body of ilium, greater trochanter, head in acetabulum, herniated disk, neck of femur, nerve, sacrum, and third trochanter. 7 in. x 5-1/2 in. x 11 in. Comes on a 5 in. x 6 in. x 1 in. gray, marbleized base with a 6-1/4 in. x 8-1/4 in. educational card."
Agricultural Education,Animal Science,C33925,Canine Five-Piece Vertebrae Model,1,$ 99.99,https://www.nascoeducation.com/canine-five-piece-vertebrae-model-c33925.html,https://www.nascoeducation.com/media/catalog/product/cache/465f3046c8658da626e76b96d8ed42e5/c/3/c33925-main_sotjnks82zqll4lb.jpg,"Grades 9-12.Vertebral column of average-size dog features five lumbar vertebrae and discs, caudal (tail) vertebrae, and sacrum. 8 in. x 2 in. x 2 in. Comes on a 5 in. x 6 in. x 1 in. gray, marbleized base with a 5-1/4 in. x 6-1/2 in. educational card."
Agricultural Education,Animal Science,C33923,Canine Shoulder Model,1,$ 119.99,https://www.nascoeducation.com/canine-shoulder-model-c33923.html,https://www.nascoeducation.com/media/catalog/product/cache/465f3046c8658da626e76b96d8ed42e5/c/3/c33923-main_xhbu6ftnahbgtns3.jpg,"Grades 9-12.Average-size dog shoulder with scapula, humerus, biceps brachii tendon, coracobrachialis tendon, lateral glenohumeral ligament, medial glenohumeral ligament, and transverse humeral ligament. 11-1/8 in. x 3 in. x 2 in. Comes on a 5 in. x 6 in. x 1 in. gray, marbleized base with a 8 in. x 5 in. educational card."
Agricultural Education,Animal Science,C33922,Canine Elbow Model,1,$ 119.99,https://www.nascoeducation.com/canine-elbow-model-c33922.html,https://www.nascoeducation.com/media/catalog/product/cache/465f3046c8658da626e76b96d8ed42e5/c/3/c33922-main_oxdn3m3yeynumx39.jpg,"Grades 9-12.Healthy left elbow of average-size dog includes humerus, radius, ulna bones, and six ligaments. 9-1/2 in. x 1-3/4 in. x 7-1/2 in. Comes on a 5 in. x 6 in. x 1 in. gray, marbleized base with a 8-1/4 in. x 6-1/4 in. educational card."
Agricultural Education,Animal Science,C35661,Dog Skeleton Model,1,$ 127.5,https://www.nascoeducation.com/dog-skeleton-model-c35661.html,https://www.nascoeducation.com/media/catalog/product/cache/465f3046c8658da626e76b96d8ed42e5/c/3/c35661-main_sof7fn7xlowhulzs.jpg,"Grades 9-12.Become acquainted with skeletal structure of a canine. Shows the entire skeleton of the common dog Bones can be divided into the axial skeleton and limb bones Axial skeleton is made of trunk bones and skulls Limb bones include forelimb and hind limb, which support its movement PVC with black base 23-5/8 in. x 7-7/8 in. x 11-13/16 in."
Agricultural Education,Animal Science,SB49146,4D Vision™ Cow Model,1,$ 35.99,https://www.nascoeducation.com/4d-vision-cow-model-sb49146.html,https://www.nascoeducation.com/media/catalog/product/cache/465f3046c8658da626e76b96d8ed42e5/s/b/sb49146-main_juti9bd4j1tiwscb.jpg,Grades 3-12.Gain a better understanding of the makeup and structure of the cow by assembling this model and examining the finished work. Model features superbly detailed parts and a transparent outside for viewing internal structures. Contains 28 detachable parts. Includes display stand and instruction guide. 6-1/2 in. WARNING: Choking Hazard. Small Parts. Not for children under 3 yrs.
Agricultural Education,Animal Science,SB09759,Nasco Individual Owl Pellets - Large,1,$ 4.25,https://www.nascoeducation.com/nasco-individual-owl-pellets-x0000sb09759.html,https://www.nascoeducation.com/media/catalog/product/cache/8228fb76d83ae0f0d16257873f90cbc0/s/b/sb09759-main_7unoce6jpjg9zl81.jpg,"Sterilized owl pellets wrapped in aluminum for students to investigate the diets of owls as birds of prey.Easy to dissect to expose skulls and other skeletal partsUndigested remains of animals provide bones, teeth, hair, or feathers as evidence of the prey animalsSold individuallySmall size also sold invidually (SB09759SM)Save when you buy bucket of 100 large pellets(SB42866)"
Agricultural Education,Animal Science,SB09759(SM),Nasco Individual Owl Pellets - Small,1,$ 2.55,https://www.nascoeducation.com/nasco-individual-owl-pellets-x0000sb09759.html,https://www.nascoeducation.com/media/catalog/product/cache/8228fb76d83ae0f0d16257873f90cbc0/s/b/sb09759sm-main_ktrm3kooe6ox5xvg.jpg,"Sterilized owl pellets wrapped in aluminum for students to investigate the diets of owls as birds of prey.Easy to dissect to expose skulls and other skeletal partsUndigested remains of animals provide bones, teeth, hair, or feathers as evidence of the prey animalsSold individuallySmall size also sold invidually (SB09759SM)Save when you buy bucket of 100 large pellets(SB42866)"
Agricultural Education,Animal Science,C33930,Canine Skin Parasites Model,1,$ 184.99,https://www.nascoeducation.com/canine-skin-parasites-model-c33930.html,https://www.nascoeducation.com/media/catalog/product/cache/465f3046c8658da626e76b96d8ed42e5/c/3/c33930-main_nvsvrhse0ogk29c9.jpg,"Grades 9-12.It’s common for a dog to become infected with an external parasite at some point in its lifetime. Parasites affect a dog in a variety of ways, ranging from simple irritation to life-threatening conditions if left untreated. Some parasites can even infect and transmit diseases to humans. This model shows in great detail the three most common external parasites - mite (4 in. x 2-1/4 in. x 2-1/2 in.), flea (4 in. x 1-1/2 in. x 3 in.), and tick (4 in. x 4 in. x 1-1/4 in.). Card size: 8-1/4 in. x 6-1/4 in. Base size: 10-5/8 in. x 6-1/4 in."
Agricultural Education,Animal Science,LF01016,Life/form® Canine IV Leg,1,$ 295,https://www.nascoeducation.com/life-form-canine-iv-leg-lf01016.html,https://www.nascoeducation.com/media/catalog/product/cache/465f3046c8658da626e76b96d8ed42e5/l/f/lf01016-main_kaoevh1am1jhrtij.jpg,"Nasco is proud to introduce the first fully functional canine IV leg trainer at an affordable price! The trainer represents the left foreleg of a medium-sized dog in the sternal recumbent position, and features two interchangeable sleeves - normal fur for routine blood draws, and a shaved area for IV catheter insertion. The replaceable vein system demonstrates actual blood flashback. Great for bandaging and restraint/assistance practice as well. The stable, self-supporting design lets students practice alone or as a team. Perfect for veterinary schools and vet tech programs. Includes a portable storage box with built-in IV pole, blood powder, syringe, IV catheter, and two fluid supply bags."
Agricultural Education,Animal Science,C33929,Canine Four-Stage Knee Model,1,$ 149.99,https://www.nascoeducation.com/canine-four-stage-knee-model-c33929.html,https://www.nascoeducation.com/media/catalog/product/cache/465f3046c8658da626e76b96d8ed42e5/c/3/c33929-main_e0va7jkatssiniqi.jpg,"Grades 9-12.Illustrate degenerative joint disease (osteoarthritis) with this set of four life-size models. The disease-free (normal) knee also includes additional important structures including ligaments, tendons, and patella. The progressive degeneration of the articular surfaces and the development of osteophytes (bone spurs) is demonstrated in the other three models. Model size: 2 in. x 3-1/2 in. x 7 in. Card size: 8-1/4 in. x 6-1/4 in."
Agricultural Education,Animal Science,C33928,Canine Pelvis/Hip Model,1,$ 149.99,https://www.nascoeducation.com/canine-pelvis-hip-model-c33928.html,https://www.nascoeducation.com/media/catalog/product/cache/465f3046c8658da626e76b96d8ed42e5/c/3/c33928-main_ozo45c1nbruibzsh.jpg,"Grades 9-12.Average-size dog pelvis that features both normal and osteoarthritic bone, body of ilium, greater trochanter, head in acetabulum, herniated disk, neck of femur, nerve, sacrum, and third trochanter. 7 in. x 5-1/2 in. x 11 in. Comes on a 5 in. x 6 in. x 1 in. gray, marbleized base with a 6-1/4 in. x 8-1/4 in. educational card."
Agricultural Education,Animal Science,C33925,Canine Five-Piece Vertebrae Model,1,$ 99.99,https://www.nascoeducation.com/canine-five-piece-vertebrae-model-c33925.html,https://www.nascoeducation.com/media/catalog/product/cache/465f3046c8658da626e76b96d8ed42e5/c/3/c33925-main_sotjnks82zqll4lb.jpg,"Grades 9-12.Vertebral column of average-size dog features five lumbar vertebrae and discs, caudal (tail) vertebrae, and sacrum. 8 in. x 2 in. x 2 in. Comes on a 5 in. x 6 in. x 1 in. gray, marbleized base with a 5-1/4 in. x 6-1/2 in. educational card."
Agricultural Education,Animal Science,C33923,Canine Shoulder Model,1,$ 119.99,https://www.nascoeducation.com/canine-shoulder-model-c33923.html,https://www.nascoeducation.com/media/catalog/product/cache/465f3046c8658da626e76b96d8ed42e5/c/3/c33923-main_xhbu6ftnahbgtns3.jpg,"Grades 9-12.Average-size dog shoulder with scapula, humerus, biceps brachii tendon, coracobrachialis tendon, lateral glenohumeral ligament, medial glenohumeral ligament, and transverse humeral ligament. 11-1/8 in. x 3 in. x 2 in. Comes on a 5 in. x 6 in. x 1 in. gray, marbleized base with a 8 in. x 5 in. educational card."
Agricultural Education,Animal Science,C33922,Canine Elbow Model,1,$ 119.99,https://www.nascoeducation.com/canine-elbow-model-c33922.html,https://www.nascoeducation.com/media/catalog/product/cache/465f3046c8658da626e76b96d8ed42e5/c/3/c33922-main_oxdn3m3yeynumx39.jpg,"Grades 9-12.Healthy left elbow of average-size dog includes humerus, radius, ulna bones, and six ligaments. 9-1/2 in. x 1-3/4 in. x 7-1/2 in. Comes on a 5 in. x 6 in. x 1 in. gray, marbleized base with a 8-1/4 in. x 6-1/4 in. educational card."
Agricultural Education,Animal Science,C35661,Dog Skeleton Model,1,$ 127.5,https://www.nascoeducation.com/dog-skeleton-model-c35661.html,https://www.nascoeducation.com/media/catalog/product/cache/465f3046c8658da626e76b96d8ed42e5/c/3/c35661-main_sof7fn7xlowhulzs.jpg,"Grades 9-12.Become acquainted with skeletal structure of a canine. Shows the entire skeleton of the common dog Bones can be divided into the axial skeleton and limb bones Axial skeleton is made of trunk bones and skulls Limb bones include forelimb and hind limb, which support its movement PVC with black base 23-5/8 in. x 7-7/8 in. x 11-13/16 in."
Agricultural Education,Animal Science,SB49146,4D Vision™ Cow Model,1,$ 35.99,https://www.nascoeducation.com/4d-vision-cow-model-sb49146.html,https://www.nascoeducation.com/media/catalog/product/cache/465f3046c8658da626e76b96d8ed42e5/s/b/sb49146-main_juti9bd4j1tiwscb.jpg,Grades 3-12.Gain a better understanding of the makeup and structure of the cow by assembling this model and examining the finished work. Model features superbly detailed parts and a transparent outside for viewing internal structures. Contains 28 detachable parts. Includes display stand and instruction guide. 6-1/2 in. WARNING: Choking Hazard. Small Parts. Not for children under 3 yrs.
Agricultural Education,Animal Science,SB09759,Nasco Individual Owl Pellets - Large,1,$ 4.25,https://www.nascoeducation.com/nasco-individual-owl-pellets-x0000sb09759.html,https://www.nascoeducation.com/media/catalog/product/cache/8228fb76d83ae0f0d16257873f90cbc0/s/b/sb09759-main_7unoce6jpjg9zl81.jpg,"Sterilized owl pellets wrapped in aluminum for students to investigate the diets of owls as birds of prey.Easy to dissect to expose skulls and other skeletal partsUndigested remains of animals provide bones, teeth, hair, or feathers as evidence of the prey animalsSold individuallySmall size also sold invidually (SB09759SM)Save when you buy bucket of 100 large pellets(SB42866)"
Agricultural Education,Animal Science,SB09759(SM),Nasco Individual Owl Pellets - Small,1,$ 2.55,https://www.nascoeducation.com/nasco-individual-owl-pellets-x0000sb09759.html,https://www.nascoeducation.com/media/catalog/product/cache/8228fb76d83ae0f0d16257873f90cbc0/s/b/sb09759sm-main_ktrm3kooe6ox5xvg.jpg,"Sterilized owl pellets wrapped in aluminum for students to investigate the diets of owls as birds of prey.Easy to dissect to expose skulls and other skeletal partsUndigested remains of animals provide bones, teeth, hair, or feathers as evidence of the prey animalsSold individuallySmall size also sold invidually (SB09759SM)Save when you buy bucket of 100 large pellets(SB42866)"
Agricultural Education,Animal Science,C33930,Canine Skin Parasites Model,1,$ 184.99,https://www.nascoeducation.com/canine-skin-parasites-model-c33930.html,https://www.nascoeducation.com/media/catalog/product/cache/465f3046c8658da626e76b96d8ed42e5/c/3/c33930-main_nvsvrhse0ogk29c9.jpg,"Grades 9-12.It’s common for a dog to become infected with an external parasite at some point in its lifetime. Parasites affect a dog in a variety of ways, ranging from simple irritation to life-threatening conditions if left untreated. Some parasites can even infect and transmit diseases to humans. This model shows in great detail the three most common external parasites - mite (4 in. x 2-1/4 in. x 2-1/2 in.), flea (4 in. x 1-1/2 in. x 3 in.), and tick (4 in. x 4 in. x 1-1/4 in.). Card size: 8-1/4 in. x 6-1/4 in. Base size: 10-5/8 in. x 6-1/4 in."
Agricultural Education,Animal Science,LF01016,Life/form® Canine IV Leg,1,$ 295,https://www.nascoeducation.com/life-form-canine-iv-leg-lf01016.html,https://www.nascoeducation.com/media/catalog/product/cache/465f3046c8658da626e76b96d8ed42e5/l/f/lf01016-main_kaoevh1am1jhrtij.jpg,"Nasco is proud to introduce the first fully functional canine IV leg trainer at an affordable price! The trainer represents the left foreleg of a medium-sized dog in the sternal recumbent position, and features two interchangeable sleeves - normal fur for routine blood draws, and a shaved area for IV catheter insertion. The replaceable vein system demonstrates actual blood flashback. Great for bandaging and restraint/assistance practice as well. The stable, self-supporting design lets students practice alone or as a team. Perfect for veterinary schools and vet tech programs. Includes a portable storage box with built-in IV pole, blood powder, syringe, IV catheter, and two fluid supply bags."
Agricultural Education,Animal Science,C33929,Canine Four-Stage Knee Model,1,$ 149.99,https://www.nascoeducation.com/canine-four-stage-knee-model-c33929.html,https://www.nascoeducation.com/media/catalog/product/cache/465f3046c8658da626e76b96d8ed42e5/c/3/c33929-main_e0va7jkatssiniqi.jpg,"Grades 9-12.Illustrate degenerative joint disease (osteoarthritis) with this set of four life-size models. The disease-free (normal) knee also includes additional important structures including ligaments, tendons, and patella. The progressive degeneration of the articular surfaces and the development of osteophytes (bone spurs) is demonstrated in the other three models. Model size: 2 in. x 3-1/2 in. x 7 in. Card size: 8-1/4 in. x 6-1/4 in."
Agricultural Education,Animal Science,C33928,Canine Pelvis/Hip Model,1,$ 149.99,https://www.nascoeducation.com/canine-pelvis-hip-model-c33928.html,https://www.nascoeducation.com/media/catalog/product/cache/465f3046c8658da626e76b96d8ed42e5/c/3/c33928-main_ozo45c1nbruibzsh.jpg,"Grades 9-12.Average-size dog pelvis that features both normal and osteoarthritic bone, body of ilium, greater trochanter, head in acetabulum, herniated disk, neck of femur, nerve, sacrum, and third trochanter. 7 in. x 5-1/2 in. x 11 in. Comes on a 5 in. x 6 in. x 1 in. gray, marbleized base with a 6-1/4 in. x 8-1/4 in. educational card."
Agricultural Education,Animal Science,C33925,Canine Five-Piece Vertebrae Model,1,$ 99.99,https://www.nascoeducation.com/canine-five-piece-vertebrae-model-c33925.html,https://www.nascoeducation.com/media/catalog/product/cache/465f3046c8658da626e76b96d8ed42e5/c/3/c33925-main_sotjnks82zqll4lb.jpg,"Grades 9-12.Vertebral column of average-size dog features five lumbar vertebrae and discs, caudal (tail) vertebrae, and sacrum. 8 in. x 2 in. x 2 in. Comes on a 5 in. x 6 in. x 1 in. gray, marbleized base with a 5-1/4 in. x 6-1/2 in. educational card."
Agricultural Education,Animal Science,C33923,Canine Shoulder Model,1,$ 119.99,https://www.nascoeducation.com/canine-shoulder-model-c33923.html,https://www.nascoeducation.com/media/catalog/product/cache/465f3046c8658da626e76b96d8ed42e5/c/3/c33923-main_xhbu6ftnahbgtns3.jpg,"Grades 9-12.Average-size dog shoulder with scapula, humerus, biceps brachii tendon, coracobrachialis tendon, lateral glenohumeral ligament, medial glenohumeral ligament, and transverse humeral ligament. 11-1/8 in. x 3 in. x 2 in. Comes on a 5 in. x 6 in. x 1 in. gray, marbleized base with a 8 in. x 5 in. educational card."
Agricultural Education,Animal Science,C33922,Canine Elbow Model,1,$ 119.99,https://www.nascoeducation.com/canine-elbow-model-c33922.html,https://www.nascoeducation.com/media/catalog/product/cache/465f3046c8658da626e76b96d8ed42e5/c/3/c33922-main_oxdn3m3yeynumx39.jpg,"Grades 9-12.Healthy left elbow of average-size dog includes humerus, radius, ulna bones, and six ligaments. 9-1/2 in. x 1-3/4 in. x 7-1/2 in. Comes on a 5 in. x 6 in. x 1 in. gray, marbleized base with a 8-1/4 in. x 6-1/4 in. educational card."
Agricultural Education,Animal Science,C35661,Dog Skeleton Model,1,$ 127.5,https://www.nascoeducation.com/dog-skeleton-model-c35661.html,https://www.nascoeducation.com/media/catalog/product/cache/465f3046c8658da626e76b96d8ed42e5/c/3/c35661-main_sof7fn7xlowhulzs.jpg,"Grades 9-12.Become acquainted with skeletal structure of a canine. Shows the entire skeleton of the common dog Bones can be divided into the axial skeleton and limb bones Axial skeleton is made of trunk bones and skulls Limb bones include forelimb and hind limb, which support its movement PVC with black base 23-5/8 in. x 7-7/8 in. x 11-13/16 in."
Agricultural Education,Animal Science,SB49146,4D Vision™ Cow Model,1,$ 35.99,https://www.nascoeducation.com/4d-vision-cow-model-sb49146.html,https://www.nascoeducation.com/media/catalog/product/cache/465f3046c8658da626e76b96d8ed42e5/s/b/sb49146-main_juti9bd4j1tiwscb.jpg,Grades 3-12.Gain a better understanding of the makeup and structure of the cow by assembling this model and examining the finished work. Model features superbly detailed parts and a transparent outside for viewing internal structures. Contains 28 detachable parts. Includes display stand and instruction guide. 6-1/2 in. WARNING: Choking Hazard. Small Parts. Not for children under 3 yrs.
Agricultural Education,Animal Science,SB09759,Nasco Individual Owl Pellets - Large,1,$ 4.25,https://www.nascoeducation.com/nasco-individual-owl-pellets-x0000sb09759.html,https://www.nascoeducation.com/media/catalog/product/cache/8228fb76d83ae0f0d16257873f90cbc0/s/b/sb09759-main_7unoce6jpjg9zl81.jpg,"Sterilized owl pellets wrapped in aluminum for students to investigate the diets of owls as birds of prey.Easy to dissect to expose skulls and other skeletal partsUndigested remains of animals provide bones, teeth, hair, or feathers as evidence of the prey animalsSold individuallySmall size also sold invidually (SB09759SM)Save when you buy bucket of 100 large pellets(SB42866)"
Agricultural Education,Animal Science,SB09759(SM),Nasco Individual Owl Pellets - Small,1,$ 2.55,https://www.nascoeducation.com/nasco-individual-owl-pellets-x0000sb09759.html,https://www.nascoeducation.com/media/catalog/product/cache/8228fb76d83ae0f0d16257873f90cbc0/s/b/sb09759sm-main_ktrm3kooe6ox5xvg.jpg,"Sterilized owl pellets wrapped in aluminum for students to investigate the diets of owls as birds of prey.Easy to dissect to expose skulls and other skeletal partsUndigested remains of animals provide bones, teeth, hair, or feathers as evidence of the prey animalsSold individuallySmall size also sold invidually (SB09759SM)Save when you buy bucket of 100 large pellets(SB42866)"
Agricultural Education,Animal Science,C33930,Canine Skin Parasites Model,1,$ 184.99,https://www.nascoeducation.com/canine-skin-parasites-model-c33930.html,https://www.nascoeducation.com/media/catalog/product/cache/465f3046c8658da626e76b96d8ed42e5/c/3/c33930-main_nvsvrhse0ogk29c9.jpg,"Grades 9-12.It’s common for a dog to become infected with an external parasite at some point in its lifetime. Parasites affect a dog in a variety of ways, ranging from simple irritation to life-threatening conditions if left untreated. Some parasites can even infect and transmit diseases to humans. This model shows in great detail the three most common external parasites - mite (4 in. x 2-1/4 in. x 2-1/2 in.), flea (4 in. x 1-1/2 in. x 3 in.), and tick (4 in. x 4 in. x 1-1/4 in.). Card size: 8-1/4 in. x 6-1/4 in. Base size: 10-5/8 in. x 6-1/4 in."
Agricultural Education,Animal Science,LF01016,Life/form® Canine IV Leg,1,$ 295,https://www.nascoeducation.com/life-form-canine-iv-leg-lf01016.html,https://www.nascoeducation.com/media/catalog/product/cache/465f3046c8658da626e76b96d8ed42e5/l/f/lf01016-main_kaoevh1am1jhrtij.jpg,"Nasco is proud to introduce the first fully functional canine IV leg trainer at an affordable price! The trainer represents the left foreleg of a medium-sized dog in the sternal recumbent position, and features two interchangeable sleeves - normal fur for routine blood draws, and a shaved area for IV catheter insertion. The replaceable vein system demonstrates actual blood flashback. Great for bandaging and restraint/assistance practice as well. The stable, self-supporting design lets students practice alone or as a team. Perfect for veterinary schools and vet tech programs. Includes a portable storage box with built-in IV pole, blood powder, syringe, IV catheter, and two fluid supply bags."
Agricultural Education,Animal Science,C33929,Canine Four-Stage Knee Model,1,$ 149.99,https://www.nascoeducation.com/canine-four-stage-knee-model-c33929.html,https://www.nascoeducation.com/media/catalog/product/cache/465f3046c8658da626e76b96d8ed42e5/c/3/c33929-main_e0va7jkatssiniqi.jpg,"Grades 9-12.Illustrate degenerative joint disease (osteoarthritis) with this set of four life-size models. The disease-free (normal) knee also includes additional important structures including ligaments, tendons, and patella. The progressive degeneration of the articular surfaces and the development of osteophytes (bone spurs) is demonstrated in the other three models. Model size: 2 in. x 3-1/2 in. x 7 in. Card size: 8-1/4 in. x 6-1/4 in."
Agricultural Education,Animal Science,C33928,Canine Pelvis/Hip Model,1,$ 149.99,https://www.nascoeducation.com/canine-pelvis-hip-model-c33928.html,https://www.nascoeducation.com/media/catalog/product/cache/465f3046c8658da626e76b96d8ed42e5/c/3/c33928-main_ozo45c1nbruibzsh.jpg,"Grades 9-12.Average-size dog pelvis that features both normal and osteoarthritic bone, body of ilium, greater trochanter, head in acetabulum, herniated disk, neck of femur, nerve, sacrum, and third trochanter. 7 in. x 5-1/2 in. x 11 in. Comes on a 5 in. x 6 in. x 1 in. gray, marbleized base with a 6-1/4 in. x 8-1/4 in. educational card."
Agricultural Education,Animal Science,C33925,Canine Five-Piece Vertebrae Model,1,$ 99.99,https://www.nascoeducation.com/canine-five-piece-vertebrae-model-c33925.html,https://www.nascoeducation.com/media/catalog/product/cache/465f3046c8658da626e76b96d8ed42e5/c/3/c33925-main_sotjnks82zqll4lb.jpg,"Grades 9-12.Vertebral column of average-size dog features five lumbar vertebrae and discs, caudal (tail) vertebrae, and sacrum. 8 in. x 2 in. x 2 in. Comes on a 5 in. x 6 in. x 1 in. gray, marbleized base with a 5-1/4 in. x 6-1/2 in. educational card."
Agricultural Education,Animal Science,C33923,Canine Shoulder Model,1,$ 119.99,https://www.nascoeducation.com/canine-shoulder-model-c33923.html,https://www.nascoeducation.com/media/catalog/product/cache/465f3046c8658da626e76b96d8ed42e5/c/3/c33923-main_xhbu6ftnahbgtns3.jpg,"Grades 9-12.Average-size dog shoulder with scapula, humerus, biceps brachii tendon, coracobrachialis tendon, lateral glenohumeral ligament, medial glenohumeral ligament, and transverse humeral ligament. 11-1/8 in. x 3 in. x 2 in. Comes on a 5 in. x 6 in. x 1 in. gray, marbleized base with a 8 in. x 5 in. educational card."
Agricultural Education,Animal Science,C33922,Canine Elbow Model,1,$ 119.99,https://www.nascoeducation.com/canine-elbow-model-c33922.html,https://www.nascoeducation.com/media/catalog/product/cache/465f3046c8658da626e76b96d8ed42e5/c/3/c33922-main_oxdn3m3yeynumx39.jpg,"Grades 9-12.Healthy left elbow of average-size dog includes humerus, radius, ulna bones, and six ligaments. 9-1/2 in. x 1-3/4 in. x 7-1/2 in. Comes on a 5 in. x 6 in. x 1 in. gray, marbleized base with a 8-1/4 in. x 6-1/4 in. educational card."
Agricultural Education,Animal Science,C35661,Dog Skeleton Model,1,$ 127.5,https://www.nascoeducation.com/dog-skeleton-model-c35661.html,https://www.nascoeducation.com/media/catalog/product/cache/465f3046c8658da626e76b96d8ed42e5/c/3/c35661-main_sof7fn7xlowhulzs.jpg,"Grades 9-12.Become acquainted with skeletal structure of a canine. Shows the entire skeleton of the common dog Bones can be divided into the axial skeleton and limb bones Axial skeleton is made of trunk bones and skulls Limb bones include forelimb and hind limb, which support its movement PVC with black base 23-5/8 in. x 7-7/8 in. x 11-13/16 in."
Agricultural Education,Animal Science,SB49146,4D Vision™ Cow Model,1,$ 35.99,https://www.nascoeducation.com/4d-vision-cow-model-sb49146.html,https://www.nascoeducation.com/media/catalog/product/cache/465f3046c8658da626e76b96d8ed42e5/s/b/sb49146-main_juti9bd4j1tiwscb.jpg,Grades 3-12.Gain a better understanding of the makeup and structure of the cow by assembling this model and examining the finished work. Model features superbly detailed parts and a transparent outside for viewing internal structures. Contains 28 detachable parts. Includes display stand and instruction guide. 6-1/2 in. WARNING: Choking Hazard. Small Parts. Not for children under 3 yrs.
Agricultural Education,Animal Science,SB09759,Nasco Individual Owl Pellets - Large,1,$ 4.25,https://www.nascoeducation.com/nasco-individual-owl-pellets-x0000sb09759.html,https://www.nascoeducation.com/media/catalog/product/cache/8228fb76d83ae0f0d16257873f90cbc0/s/b/sb09759-main_7unoce6jpjg9zl81.jpg,"Sterilized owl pellets wrapped in aluminum for students to investigate the diets of owls as birds of prey.Easy to dissect to expose skulls and other skeletal partsUndigested remains of animals provide bones, teeth, hair, or feathers as evidence of the prey animalsSold individuallySmall size also sold invidually (SB09759SM)Save when you buy bucket of 100 large pellets(SB42866)"
Agricultural Education,Animal Science,SB09759(SM),Nasco Individual Owl Pellets - Small,1,$ 2.55,https://www.nascoeducation.com/nasco-individual-owl-pellets-x0000sb09759.html,https://www.nascoeducation.com/media/catalog/product/cache/8228fb76d83ae0f0d16257873f90cbc0/s/b/sb09759sm-main_ktrm3kooe6ox5xvg.jpg,"Sterilized owl pellets wrapped in aluminum for students to investigate the diets of owls as birds of prey.Easy to dissect to expose skulls and other skeletal partsUndigested remains of animals provide bones, teeth, hair, or feathers as evidence of the prey animalsSold individuallySmall size also sold invidually (SB09759SM)Save when you buy bucket of 100 large pellets(SB42866)"
Agricultural Education,Animal Science,C33930,Canine Skin Parasites Model,1,$ 184.99,https://www.nascoeducation.com/canine-skin-parasites-model-c33930.html,https://www.nascoeducation.com/media/catalog/product/cache/465f3046c8658da626e76b96d8ed42e5/c/3/c33930-main_nvsvrhse0ogk29c9.jpg,"Grades 9-12.It’s common for a dog to become infected with an external parasite at some point in its lifetime. Parasites affect a dog in a variety of ways, ranging from simple irritation to life-threatening conditions if left untreated. Some parasites can even infect and transmit diseases to humans. This model shows in great detail the three most common external parasites - mite (4 in. x 2-1/4 in. x 2-1/2 in.), flea (4 in. x 1-1/2 in. x 3 in.), and tick (4 in. x 4 in. x 1-1/4 in.). Card size: 8-1/4 in. x 6-1/4 in. Base size: 10-5/8 in. x 6-1/4 in."
Agricultural Education,Animal Science,LF01016,Life/form® Canine IV Leg,1,$ 295,https://www.nascoeducation.com/life-form-canine-iv-leg-lf01016.html,https://www.nascoeducation.com/media/catalog/product/cache/465f3046c8658da626e76b96d8ed42e5/l/f/lf01016-main_kaoevh1am1jhrtij.jpg,"Nasco is proud to introduce the first fully functional canine IV leg trainer at an affordable price! The trainer represents the left foreleg of a medium-sized dog in the sternal recumbent position, and features two interchangeable sleeves - normal fur for routine blood draws, and a shaved area for IV catheter insertion. The replaceable vein system demonstrates actual blood flashback. Great for bandaging and restraint/assistance practice as well. The stable, self-supporting design lets students practice alone or as a team. Perfect for veterinary schools and vet tech programs. Includes a portable storage box with built-in IV pole, blood powder, syringe, IV catheter, and two fluid supply bags."
Agricultural Education,Animal Science,C33929,Canine Four-Stage Knee Model,1,$ 149.99,https://www.nascoeducation.com/canine-four-stage-knee-model-c33929.html,https://www.nascoeducation.com/media/catalog/product/cache/465f3046c8658da626e76b96d8ed42e5/c/3/c33929-main_e0va7jkatssiniqi.jpg,"Grades 9-12.Illustrate degenerative joint disease (osteoarthritis) with this set of four life-size models. The disease-free (normal) knee also includes additional important structures including ligaments, tendons, and patella. The progressive degeneration of the articular surfaces and the development of osteophytes (bone spurs) is demonstrated in the other three models. Model size: 2 in. x 3-1/2 in. x 7 in. Card size: 8-1/4 in. x 6-1/4 in."
Agricultural Education,Animal Science,C33928,Canine Pelvis/Hip Model,1,$ 149.99,https://www.nascoeducation.com/canine-pelvis-hip-model-c33928.html,https://www.nascoeducation.com/media/catalog/product/cache/465f3046c8658da626e76b96d8ed42e5/c/3/c33928-main_ozo45c1nbruibzsh.jpg,"Grades 9-12.Average-size dog pelvis that features both normal and osteoarthritic bone, body of ilium, greater trochanter, head in acetabulum, herniated disk, neck of femur, nerve, sacrum, and third trochanter. 7 in. x 5-1/2 in. x 11 in. Comes on a 5 in. x 6 in. x 1 in. gray, marbleized base with a 6-1/4 in. x 8-1/4 in. educational card."
Agricultural Education,Animal Science,C33925,Canine Five-Piece Vertebrae Model,1,$ 99.99,https://www.nascoeducation.com/canine-five-piece-vertebrae-model-c33925.html,https://www.nascoeducation.com/media/catalog/product/cache/465f3046c8658da626e76b96d8ed42e5/c/3/c33925-main_sotjnks82zqll4lb.jpg,"Grades 9-12.Vertebral column of average-size dog features five lumbar vertebrae and discs, caudal (tail) vertebrae, and sacrum. 8 in. x 2 in. x 2 in. Comes on a 5 in. x 6 in. x 1 in. gray, marbleized base with a 5-1/4 in. x 6-1/2 in. educational card."
Agricultural Education,Animal Science,C33923,Canine Shoulder Model,1,$ 119.99,https://www.nascoeducation.com/canine-shoulder-model-c33923.html,https://www.nascoeducation.com/media/catalog/product/cache/465f3046c8658da626e76b96d8ed42e5/c/3/c33923-main_xhbu6ftnahbgtns3.jpg,"Grades 9-12.Average-size dog shoulder with scapula, humerus, biceps brachii tendon, coracobrachialis tendon, lateral glenohumeral ligament, medial glenohumeral ligament, and transverse humeral ligament. 11-1/8 in. x 3 in. x 2 in. Comes on a 5 in. x 6 in. x 1 in. gray, marbleized base with a 8 in. x 5 in. educational card."
Agricultural Education,Animal Science,C33922,Canine Elbow Model,1,$ 119.99,https://www.nascoeducation.com/canine-elbow-model-c33922.html,https://www.nascoeducation.com/media/catalog/product/cache/465f3046c8658da626e76b96d8ed42e5/c/3/c33922-main_oxdn3m3yeynumx39.jpg,"Grades 9-12.Healthy left elbow of average-size dog includes humerus, radius, ulna bones, and six ligaments. 9-1/2 in. x 1-3/4 in. x 7-1/2 in. Comes on a 5 in. x 6 in. x 1 in. gray, marbleized base with a 8-1/4 in. x 6-1/4 in. educational card."
Agricultural Education,Animal Science,C35661,Dog Skeleton Model,1,$ 127.5,https://www.nascoeducation.com/dog-skeleton-model-c35661.html,https://www.nascoeducation.com/media/catalog/product/cache/465f3046c8658da626e76b96d8ed42e5/c/3/c35661-main_sof7fn7xlowhulzs.jpg,"Grades 9-12.Become acquainted with skeletal structure of a canine. Shows the entire skeleton of the common dog Bones can be divided into the axial skeleton and limb bones Axial skeleton is made of trunk bones and skulls Limb bones include forelimb and hind limb, which support its movement PVC with black base 23-5/8 in. x 7-7/8 in. x 11-13/16 in."
Agricultural Education,Animal Science,SB49146,4D Vision™ Cow Model,1,$ 35.99,https://www.nascoeducation.com/4d-vision-cow-model-sb49146.html,https://www.nascoeducation.com/media/catalog/product/cache/465f3046c8658da626e76b96d8ed42e5/s/b/sb49146-main_juti9bd4j1tiwscb.jpg,Grades 3-12.Gain a better understanding of the makeup and structure of the cow by assembling this model and examining the finished work. Model features superbly detailed parts and a transparent outside for viewing internal structures. Contains 28 detachable parts. Includes display stand and instruction guide. 6-1/2 in. WARNING: Choking Hazard. Small Parts. Not for children under 3 yrs.
