Flinn_product_category,Flinn_product_sub_category,Flinn_product_id,Flinn_product_name,Flinn_product_quantity,Flinn_product_price,Flinn_product_url,Flinn_image_url,Frey_product_category,Frey_product_sub_category,Frey_product_id,Frey_product_name,Frey_product_quantity,Frey_product_price,Frey_product_url,Frey_image_url,Frey_Match_Score,Nasco_product_category,Nasco_product_sub_category,Nasco_product_id,Nasco_product_name,Nasco_product_quantity,Nasco_product_price,Nasco_product_url,Nasco_image_url,Nasco_Match_Score,Carolina_product_category,Carolina_product_sub_category,Carolina_product_id,Carolina_product_name,Carolina_product_quantity,Carolina_product_price,Carolina_product_url,Carolina_image_url,Carolina_Match_Score,VWR_product_category,VWR_product_sub_category,VWR_product_id,VWR_product_name,VWR_product_quantity,VWR_product_price,VWR_product_url,VWR_image_url,VWR_Match_Score,Fisher_product_category,Fisher_product_sub_category,Fisher_product_id,Fisher_product_name,Fisher_product_quantity,Fisher_product_price,Fisher_product_url,Fisher_image_url,Fisher_Match_Score,Wardsci_product_category,Wardsci_product_sub_category,Wardsci_product_id,Wardsci_product_name,Wardsci_product_quantity,Wardsci_product_price,Wardsci_product_url,Wardsci_image_url,Wardsci_Match_Score
Technology,3D Printers,AP9914,Emblaser 2 Laser Cutter and Engraver,1,$3345.26,https://www.flinnsci.com/emblaser-2-laser-cutter-and-engraver/ap9914/,https://www.flinnsci.com/globalassets/flinn-scientific/all-product-images-rgb-jpegs/ap9914_1.jpg?format=webp&height=880&upscale=false,,,,,,,,,0.0,,,,,,,,,0.0,Biotechnology,New - Biotechnology,216320.0,"""miniPCR&amp;reg; Thermal Cycler and blueGel&amp;trade; Combo""",1.0,$ 1070.75,https://www.carolina.com/biotechnology-thermal-cyclers/minipcr-thermal-cycler-and-bluegel-combo/216320.pr,https://www.carolina.com/images/product/medium/216320.jpg,0.0769230769230769,,,,,,,,,0.0,Animal Care and Research,Animal Surgical Devices,10-001-045,Stoelting™ Automated Milker for Rats and Mice,1.0,$ 29332.00,https://www.fishersci.com/shop/products/automated-milker-rats-mice/10001045#?keyword=,https://assets.fishersci.com/TFS-Assets/CCG/Stoelting/product-images/59150.jpg-250.jpg,0.0909090909090909,AP Science,AP Biology,470136-678,"Ward's® AP Biology Investigation 4: Cell Processes: Diffusion and Osmosis, 8",1.0,$159.79,https://www.wardsci.com/store/product/9268804/ward-s-ap-biology-investigation-4-cell-processes-diffusion-and-osmosis,https://www.wardsci.com/stibo/smallweb/std.lang.all/62/62/10186262.jpg,0.0714285714285714
Technology,3D Printers,WAPPLAAL,"PLA Specialty Filament, Aluminum",1,$29.98,https://www.flinnsci.com/pla-specialty-filament-aluminum/wapplaal/,https://www.flinnsci.com/globalassets/flinn-scientific/all-product-images-rgb-jpegs/wap_pla.alum.jpg?format=webp&height=880&upscale=false,,,,,,,,,0.0,,,,,,,,,0.0,,,,,,,,,0.0,Aluminum Foil,,89079-075,"Reynolds Wrap® Aluminum Foil 15.2 m (50'), 45.7 cm (18""), 23.6 µm (0.93 mil)",1.0,$80.78,https://us.vwr.com/store/product/4526537/reynolds-wrap-aluminum-foil,https://us.vwr.com/stibo/smallweb/std.lang.all/33/49/4833349.jpg,0.0909090909090909,,,,,,,,,0.0,,,,,,,,,0.0
Technology,3D Printers,WAPPLACPR,"PLA Specialty Filament, Copper",1,$29.98,https://www.flinnsci.com/pla-specialty-filament-copper/wapplacpr/,https://www.flinnsci.com/globalassets/flinn-scientific/all-product-images-rgb-jpegs/wap_pla.copper.jpg?format=webp&height=880&upscale=false,,,,,,,,,0.0,,,,,,,,,0.0,,,,,,,,,0.0,,,,,,,,,0.0,,,,,,,,,0.0,,,,,,,,,0.0
Technology,3D Printers,WAPABSNAT,"ABS Premium Filament, White",1,$67.76,https://www.flinnsci.com/abs-premium-filament-white/wapabsnat/,https://www.flinnsci.com/globalassets/flinn-scientific/all-product-images-rgb-jpegs/wap_absnat.jpg?format=webp&height=880&upscale=false,,,,,,,,,0.0,,,,,,,,,0.0,Biotechnology,New - Biotechnology,216319.0,"""miniPCR&amp;reg; Premium Classroom Bundle""",1.0,$ 12200.0,https://www.carolina.com/biotechnology-equipment-packages/minipcr-premium-classroom-bundle/216319.pr,https://www.carolina.com/images/product/medium/216319.jpg,0.125,Aluminum Foil,,89107-726,"VWR® Premium Aluminum Foil Standard, 22.9 m (75'), 30.5 cm (12""), 15.2 µm (0.6 mil)",1.0,$42.84,https://us.vwr.com/store/product/4524160/vwr-premium-aluminum-foil,https://us.vwr.com/stibo/smallweb/std.lang.all/97/17/4789717.jpg,0.0909090909090909,,,,,,,,,0.0,,,,,,,,,0.0
Technology,3D Printers,WAPABSYLW,"ABS Premium Filament, Yellow",1,$67.76,https://www.flinnsci.com/abs-premium-filament-yellow/wapabsylw/,https://www.flinnsci.com/globalassets/flinn-scientific/all-product-images-rgb-jpegs/wap_absyellow.jpg?format=webp&height=880&upscale=false,,,,,,,,,0.0,,,,,,,,,0.0,Biotechnology,New - Biotechnology,216319.0,"""miniPCR&amp;reg; Premium Classroom Bundle""",1.0,$ 12200.0,https://www.carolina.com/biotechnology-equipment-packages/minipcr-premium-classroom-bundle/216319.pr,https://www.carolina.com/images/product/medium/216319.jpg,0.125,Aluminum Foil,,89107-726,"VWR® Premium Aluminum Foil Standard, 22.9 m (75'), 30.5 cm (12""), 15.2 µm (0.6 mil)",1.0,$42.84,https://us.vwr.com/store/product/4524160/vwr-premium-aluminum-foil,https://us.vwr.com/stibo/smallweb/std.lang.all/97/17/4789717.jpg,0.0909090909090909,,,,,,,,,0.0,,,,,,,,,0.0
Technology,3D Printers,WAPABSGRN,"ABS Premium Filament, Green",1,$67.76,https://www.flinnsci.com/abs-premium-filament-green/wapabsgrn/,https://www.flinnsci.com/globalassets/flinn-scientific/all-product-images-rgb-jpegs/wap_absgreen.jpg?format=webp&height=880&upscale=false,,,,,,,,,0.0,,,,,,,,,0.0,Biotechnology,New - Biotechnology,216319.0,"""miniPCR&amp;reg; Premium Classroom Bundle""",1.0,$ 12200.0,https://www.carolina.com/biotechnology-equipment-packages/minipcr-premium-classroom-bundle/216319.pr,https://www.carolina.com/images/product/medium/216319.jpg,0.125,Aluminum Foil,,89107-726,"VWR® Premium Aluminum Foil Standard, 22.9 m (75'), 30.5 cm (12""), 15.2 µm (0.6 mil)",1.0,$42.84,https://us.vwr.com/store/product/4524160/vwr-premium-aluminum-foil,https://us.vwr.com/stibo/smallweb/std.lang.all/97/17/4789717.jpg,0.0909090909090909,,,,,,,,,0.0,,,,,,,,,0.0
Technology,3D Printers,WAPABSRED,"ABS Premium Filament, Red",1,$67.76,https://www.flinnsci.com/abs-premium-filament-red/wapabsred/,https://www.flinnsci.com/globalassets/flinn-scientific/all-product-images-rgb-jpegs/wap_absred.jpg?format=webp&height=880&upscale=false,,,,,,,,,0.0,,,,,,,,,0.0,Biotechnology,New - Biotechnology,216319.0,"""miniPCR&amp;reg; Premium Classroom Bundle""",1.0,$ 12200.0,https://www.carolina.com/biotechnology-equipment-packages/minipcr-premium-classroom-bundle/216319.pr,https://www.carolina.com/images/product/medium/216319.jpg,0.125,Aluminum Foil,,89107-726,"VWR® Premium Aluminum Foil Standard, 22.9 m (75'), 30.5 cm (12""), 15.2 µm (0.6 mil)",1.0,$42.84,https://us.vwr.com/store/product/4524160/vwr-premium-aluminum-foil,https://us.vwr.com/stibo/smallweb/std.lang.all/97/17/4789717.jpg,0.0909090909090909,,,,,,,,,0.0,,,,,,,,,0.0
Technology,3D Printers,WAPABSBLA,"ABS Premium Filament, Black",1,$67.76,https://www.flinnsci.com/abs-premium-filament-black/wapabsbla/,https://www.flinnsci.com/globalassets/flinn-scientific/all-product-images-rgb-jpegs/wap_absblack.jpg?format=webp&height=880&upscale=false,,,,,,,,,0.0,,,,,,,,,0.0,Biotechnology,New - Biotechnology,216319.0,"""miniPCR&amp;reg; Premium Classroom Bundle""",1.0,$ 12200.0,https://www.carolina.com/biotechnology-equipment-packages/minipcr-premium-classroom-bundle/216319.pr,https://www.carolina.com/images/product/medium/216319.jpg,0.125,Aluminum Foil,,89107-726,"VWR® Premium Aluminum Foil Standard, 22.9 m (75'), 30.5 cm (12""), 15.2 µm (0.6 mil)",1.0,$42.84,https://us.vwr.com/store/product/4524160/vwr-premium-aluminum-foil,https://us.vwr.com/stibo/smallweb/std.lang.all/97/17/4789717.jpg,0.0909090909090909,,,,,,,,,0.0,,,,,,,,,0.0
Technology,3D Printers,WAPABSBLU,"ABS Premium Filament, Blue",1,$67.76,https://www.flinnsci.com/abs-premium-filament-blue/wapabsblu/,https://www.flinnsci.com/globalassets/flinn-scientific/all-product-images-rgb-jpegs/wap_absblue.jpg?format=webp&height=880&upscale=false,,,,,,,,,0.0,,,,,,,,,0.0,Biotechnology,New - Biotechnology,216319.0,"""miniPCR&amp;reg; Premium Classroom Bundle""",1.0,$ 12200.0,https://www.carolina.com/biotechnology-equipment-packages/minipcr-premium-classroom-bundle/216319.pr,https://www.carolina.com/images/product/medium/216319.jpg,0.125,Aluminum Foil,,89107-726,"VWR® Premium Aluminum Foil Standard, 22.9 m (75'), 30.5 cm (12""), 15.2 µm (0.6 mil)",1.0,$42.84,https://us.vwr.com/store/product/4524160/vwr-premium-aluminum-foil,https://us.vwr.com/stibo/smallweb/std.lang.all/97/17/4789717.jpg,0.0909090909090909,,,,,,,,,0.0,,,,,,,,,0.0
Technology,3D Printers,WAP-P4,Afinia H+1 3D Printer,1,$2850.00,https://www.flinnsci.com/afinia-h1-3d-printer/wap-p4/,https://www.flinnsci.com/globalassets/flinn-scientific/all-product-images-rgb-jpegs/wap-p4.jpg?format=webp&height=880&upscale=false,,,,,,,,,0.0,,,,,,,,,0.0,,,,,,,,,0.0,,,,,,,,,0.0,Balances and Scales,Balance Accessories,01-910-78,Mettler Toledo™ Balance Printer Accessories: Printer Paper,5.0,$ 100.49,https://www.fishersci.com/shop/products/mettler-toledo-balance-printer-accessories-printer-paper-1/0191078#?keyword=,https://assets.fishersci.com/TFS-Assets/CCG/product-images/72456-Mettler-Toledo.jpg-250.jpg,0.1111111111111111,,,,,,,,,0.0
Technology,3D Printers,AP9425,3Doodler® DoodlePad,1,$11.22,https://www.flinnsci.com/3doodler-doodlepad/ap9425/,https://www.flinnsci.com/globalassets/flinn-scientific/all-product-images-rgb-jpegs/ap9425.jpg?format=webp&height=880&upscale=false,,,,,,,,,0.0,,,,,,,,,0.0,,,,,,,,,0.0,,,,,,,,,0.0,,,,,,,,,0.0,,,,,,,,,0.0
Technology,3D Printers,AP9424,3Doodler® Foot Pedal,1,$21.58,https://www.flinnsci.com/3doodler-foot-pedal/ap9424/,https://www.flinnsci.com/globalassets/flinn-scientific/all-product-images-rgb-jpegs/ap9424.jpg?format=webp&height=880&upscale=false,,,,,,,,,0.0,,,,,,,,,0.0,,,,,,,,,0.0,,,,,,,,,0.0,,,,,,,,,0.0,,,,,,,,,0.0
