Flinn_product_category,Flinn_product_sub_category,Flinn_product_id,Flinn_product_name,Flinn_product_quantity,Flinn_product_price,Flinn_product_url,Flinn_image_url,Carolina_product_category,Carolina_product_sub_category,Carolina_product_id,Carolina_product_name,Carolina_product_quantity,Carolina_product_price,Carolina_product_url,Carolina_image_url,Carolina_Match_Score
Technology,3D Printers,WAPPLAAL,"PLA Specialty Filament, Aluminum",1,$29.98,https://www.flinnsci.com/pla-specialty-filament-aluminum/wapplaal/,https://www.flinnsci.com/globalassets/flinn-scientific/all-product-images-rgb-jpegs/wap_pla.alum.jpg?format=webp&height=880&upscale=false,Biotechnology,New - Biotechnology,214725,"""Carolina&amp;reg; Economy Pipettor, 100&amp;#150;1,000 &amp;#181;L""",1,$ 75.0,https://www.carolina.com/lab-measuring-pipets/carolina-economy-pipettor-100-1000-ul/214725.pr,https://www.carolina.com/images/product/medium/214725.jpg,0.0
Technology,3D Printers,WAPPLACPR,"PLA Specialty Filament, Copper",1,$29.98,https://www.flinnsci.com/pla-specialty-filament-copper/wapplacpr/,https://www.flinnsci.com/globalassets/flinn-scientific/all-product-images-rgb-jpegs/wap_pla.copper.jpg?format=webp&height=880&upscale=false,Biotechnology,New - Biotechnology,214725,"""Carolina&amp;reg; Economy Pipettor, 100&amp;#150;1,000 &amp;#181;L""",1,$ 75.0,https://www.carolina.com/lab-measuring-pipets/carolina-economy-pipettor-100-1000-ul/214725.pr,https://www.carolina.com/images/product/medium/214725.jpg,0.0
Technology,3D Printers,WAP-P4,Afinia H+1 3D Printer,1,$2850.00,https://www.flinnsci.com/afinia-h1-3d-printer/wap-p4/,https://www.flinnsci.com/globalassets/flinn-scientific/all-product-images-rgb-jpegs/wap-p4.jpg?format=webp&height=880&upscale=false,Biotechnology,New - Biotechnology,214725,"""Carolina&amp;reg; Economy Pipettor, 100&amp;#150;1,000 &amp;#181;L""",1,$ 75.0,https://www.carolina.com/lab-measuring-pipets/carolina-economy-pipettor-100-1000-ul/214725.pr,https://www.carolina.com/images/product/medium/214725.jpg,0.0
Technology,3D Printers,AP9425,3Doodler® DoodlePad,1,$11.22,https://www.flinnsci.com/3doodler-doodlepad/ap9425/,https://www.flinnsci.com/globalassets/flinn-scientific/all-product-images-rgb-jpegs/ap9425.jpg?format=webp&height=880&upscale=false,Biotechnology,New - Biotechnology,214725,"""Carolina&amp;reg; Economy Pipettor, 100&amp;#150;1,000 &amp;#181;L""",1,$ 75.0,https://www.carolina.com/lab-measuring-pipets/carolina-economy-pipettor-100-1000-ul/214725.pr,https://www.carolina.com/images/product/medium/214725.jpg,0.0
Technology,3D Printers,AP9424,3Doodler® Foot Pedal,1,$21.58,https://www.flinnsci.com/3doodler-foot-pedal/ap9424/,https://www.flinnsci.com/globalassets/flinn-scientific/all-product-images-rgb-jpegs/ap9424.jpg?format=webp&height=880&upscale=false,Biotechnology,New - Biotechnology,214725,"""Carolina&amp;reg; Economy Pipettor, 100&amp;#150;1,000 &amp;#181;L""",1,$ 75.0,https://www.carolina.com/lab-measuring-pipets/carolina-economy-pipettor-100-1000-ul/214725.pr,https://www.carolina.com/images/product/medium/214725.jpg,0.0
