Flinn_product_category,Flinn_product_sub_category,Flinn_product_id,Flinn_product_name,Flinn_product_quantity,Flinn_product_price,Flinn_product_url,Flinn_image_url,VWR_product_category,VWR_product_sub_category,VWR_product_id,VWR_product_name,VWR_product_quantity,VWR_product_price,VWR_product_url,VWR_image_url,VWR_Match_Score
Technology,3D Printers,AP9914,Emblaser 2 Laser Cutter and Engraver,1,$3345.26,https://www.flinnsci.com/emblaser-2-laser-cutter-and-engraver/ap9914/,https://www.flinnsci.com/globalassets/flinn-scientific/all-product-images-rgb-jpegs/ap9914_1.jpg?format=webp&height=880&upscale=false,,,,No good match found (Low match score),,,,,0
Technology,3D Printers,WAPPLACPR,"PLA Specialty Filament, Copper",1,$29.98,https://www.flinnsci.com/pla-specialty-filament-copper/wapplacpr/,https://www.flinnsci.com/globalassets/flinn-scientific/all-product-images-rgb-jpegs/wap_pla.copper.jpg?format=webp&height=880&upscale=false,,,,No good match found (Low match score),,,,,0
Technology,3D Printers,WAP-P4,Afinia H+1 3D Printer,1,$2850.00,https://www.flinnsci.com/afinia-h1-3d-printer/wap-p4/,https://www.flinnsci.com/globalassets/flinn-scientific/all-product-images-rgb-jpegs/wap-p4.jpg?format=webp&height=880&upscale=false,,,,No good match found (Low match score),,,,,0
Technology,3D Printers,AP9425,3Doodler® DoodlePad,1,$11.22,https://www.flinnsci.com/3doodler-doodlepad/ap9425/,https://www.flinnsci.com/globalassets/flinn-scientific/all-product-images-rgb-jpegs/ap9425.jpg?format=webp&height=880&upscale=false,,,,No good match found (Low match score),,,,,0
Technology,3D Printers,AP9424,3Doodler® Foot Pedal,1,$21.58,https://www.flinnsci.com/3doodler-foot-pedal/ap9424/,https://www.flinnsci.com/globalassets/flinn-scientific/all-product-images-rgb-jpegs/ap9424.jpg?format=webp&height=880&upscale=false,,,,No good match found (Low match score),,,,,0
